url|status|legacy_path
http://images.imerrow.com/images/15-17-18-small.gif|FOUND|cephei/sable/images/15-17-18-small.gif
http://images.imerrow.com/images/backviewsmall.gif|FOUND|cephei/sable/images/backviewsmall.gif
http://images.imerrow.com/images/bs-cutter.gif|FOUND|cephei/sable/images/bs-cutter.gif
http://images.imerrow.com/images/bs-looperbender.gif|FOUND|cephei/sable/images/bs-looperbender.gif
http://images.imerrow.com/images/bs-lowerloops.gif|FOUND|cephei/sable/images/bs-lowerloops.gif
http://images.imerrow.com/images/bs-needle.gif|FOUND|cephei/sable/images/bs-needle.gif
http://images.imerrow.com/images/bs-upperloopers.gif|FOUND|cephei/sable/images/bs-upperloopers.gif
http://images.imerrow.com/images/camssm.gif|FOUND|cephei/sable/images/camssm.gif
http://images.imerrow.com/images/cleanfiltersm.gif|FOUND|cephei/sable/images/cleanfiltersm.gif
http://images.imerrow.com/images/feedmechsm.gif|FOUND|cephei/sable/images/feedmechsm.gif
http://images.imerrow.com/images/feedmechsm2.gif|FOUND|cephei/sable/images/feedmechsm2.gif
http://images.imerrow.com/images/fj-small.gif|FOUND|cephei/sable/images/fj-small.gif
http://images.imerrow.com/images/framecapsm.gif|FOUND|cephei/sable/images/framecapsm.gif
http://images.imerrow.com/images/frontviewsm.gif|FOUND|cephei/sable/images/frontviewsm.gif
http://images.imerrow.com/images/frontviewsmall.gif|FOUND|cephei/sable/images/frontviewsmall.gif
http://images.imerrow.com/images/looperbender.gif|FOUND|cephei/sable/images/looperbender.gif
http://images.imerrow.com/images/lowerlooper.gif|FOUND|cephei/sable/images/lowerlooper.gif
http://images.imerrow.com/images/needle.gif|FOUND|cephei/sable/images/needle.gif
http://images.imerrow.com/images/needlecarriersm.gif|FOUND|cephei/sable/images/needlecarriersm.gif
http://images.imerrow.com/images/needleplate.gif|FOUND|cephei/sable/images/needleplate.gif
http://images.imerrow.com/images/oilingparts2.gif|FOUND|cephei/sable/images/oilingparts2.gif
http://images.imerrow.com/images/onethread-sm.gif|FOUND|cephei/sable/images/onethread-sm.gif
http://images.imerrow.com/images/presserfoot.gif|FOUND|cephei/sable/images/presserfoot.gif
http://images.imerrow.com/images/rearviewsm.gif|FOUND|cephei/sable/images/rearviewsm.gif
http://images.imerrow.com/images/twothread-sm.gif|FOUND|cephei/sable/images/twothread-sm.gif
http://images.imerrow.com/images/upperloopers.gif|FOUND|cephei/sable/images/upperloopers.gif
http://imerrow.com/nebula/images/store/new_jpgs/loopers.gif|FOUND|cephei/sable/pics/loopers.gif
http://imerrow.com/nebula/inventory/pdurl_large/PD10R_diagram.jpg|FOUND|STORAGE/merrow-Parts-Manual/Pdr/PD10R_diagram.jpg
http://imerrow.com/nebula/inventory/pdurl_large/PD11R_diagram.jpg|FOUND|STORAGE/merrow-Parts-Manual/Pdr/PD11R_diagram.jpg
http://imerrow.com/nebula/inventory/pdurl_large/PD12R_diagram.jpg|FOUND|STORAGE/merrow-Parts-Manual/Pdr/PD12R_diagram.jpg
http://imerrow.com/nebula/inventory/pdurl_large/PD18A-1-diagram.jpg|FOUND|STORAGE/merrow-Parts-Manual/PD18A/PD18A-1-diagram.jpg
http://imerrow.com/nebula/inventory/pdurl_large/PD18A-2-diagram.jpg|FOUND|STORAGE/merrow-Parts-Manual/PD18A/PD18A-2-diagram.jpg
http://imerrow.com/nebula/inventory/pdurl_large/PD18A-3-diagram.jpg|FOUND|STORAGE/merrow-Parts-Manual/PD18A/PD18A-3-diagram.jpg
http://imerrow.com/nebula/inventory/pdurl_large/PD18A-4-diagram.jpg|FOUND|STORAGE/merrow-Parts-Manual/PD18A/PD18A-4-diagram.jpg
http://imerrow.com/nebula/inventory/pdurl_large/PD18A-5-diagram.jpg|FOUND|STORAGE/merrow-Parts-Manual/PD18A/PD18A-5-diagram.jpg
http://imerrow.com/nebula/inventory/pdurl_large/PD18A-6-diagram.jpg|FOUND|STORAGE/merrow-Parts-Manual/PD18A/PD18A-6-diagram.jpg
http://imerrow.com/nebula/inventory/pdurl_large/PD18A-7-diagram.jpg|FOUND|STORAGE/merrow-Parts-Manual/PD18A/PD18A-7-diagram.jpg
http://imerrow.com/nebula/inventory/pdurl_large/PD18E-1_diagram.jpg|FOUND|STORAGE/merrow-Parts-Manual/PD18E/PD18E-1_diagram.jpg
http://imerrow.com/nebula/inventory/pdurl_large/PD18E-2_diagram.jpg|FOUND|STORAGE/merrow-Parts-Manual/PD18E/PD18E-2_diagram.jpg
http://imerrow.com/nebula/inventory/pdurl_large/PD18E-3_diagram.jpg|FOUND|STORAGE/merrow-Parts-Manual/PD18E/PD18E-3_diagram.jpg
http://imerrow.com/nebula/inventory/pdurl_large/PD18E-4_diagram.jpg|FOUND|STORAGE/merrow-Parts-Manual/PD18E/PD18E-4_diagram.jpg
http://imerrow.com/nebula/inventory/pdurl_large/PD18E-5_diagram.jpg|FOUND|STORAGE/merrow-Parts-Manual/PD18E/PD18E-5_diagram.jpg
http://imerrow.com/nebula/inventory/pdurl_large/PD18E-6_diagram.jpg|FOUND|STORAGE/merrow-Parts-Manual/PD18E/PD18E-6_diagram.jpg
http://imerrow.com/nebula/inventory/pdurl_large/PD18E-7_diagram.jpg|FOUND|STORAGE/merrow-Parts-Manual/PD18E/PD18E-7_diagram.jpg
http://imerrow.com/nebula/inventory/pdurl_large/PD18G-1_diagram.jpg|FOUND|STORAGE/merrow-Parts-Manual/PD18G/PD18G-1_diagram.jpg
http://imerrow.com/nebula/inventory/pdurl_large/PD18G-2_diagram.jpg|FOUND|STORAGE/merrow-Parts-Manual/PD18G/PD18G-2_diagram.jpg
http://imerrow.com/nebula/inventory/pdurl_large/PD18G-3_diagram.jpg|FOUND|STORAGE/merrow-Parts-Manual/PD18G/PD18G-3_diagram.jpg
http://imerrow.com/nebula/inventory/pdurl_large/PD18G-4_diagram.jpg|FOUND|STORAGE/merrow-Parts-Manual/PD18G/PD18G-4_diagram.jpg
http://imerrow.com/nebula/inventory/pdurl_large/PD18G-5_diagram.jpg|FOUND|STORAGE/merrow-Parts-Manual/PD18G/PD18G-5_diagram.jpg
http://imerrow.com/nebula/inventory/pdurl_large/PD18G-6_diagram.jpg|FOUND|STORAGE/merrow-Parts-Manual/PD18G/PD18G-6_diagram.jpg
http://imerrow.com/nebula/inventory/pdurl_large/PD18G-7_diagram.jpg|FOUND|STORAGE/merrow-Parts-Manual/PD18G/PD18G-7_diagram.jpg
http://imerrow.com/nebula/inventory/pdurl_large/PD18S-1_diagram.jpg|FOUND|STORAGE/merrow-Parts-Manual/PD18S/PD18S-1_diagram.jpg
http://imerrow.com/nebula/inventory/pdurl_large/PD18S-2_diagram.jpg|FOUND|STORAGE/merrow-Parts-Manual/PD18S/PD18S-2_diagram.jpg
http://imerrow.com/nebula/inventory/pdurl_large/PD18S-3_diagram.jpg|FOUND|STORAGE/merrow-Parts-Manual/PD18S/PD18S-3_diagram.jpg
http://imerrow.com/nebula/inventory/pdurl_large/PD18S-4_diagram.jpg|FOUND|STORAGE/merrow-Parts-Manual/PD18S/PD18S-4_diagram.jpg
http://imerrow.com/nebula/inventory/pdurl_large/PD18S-5_diagram.jpg|FOUND|STORAGE/merrow-Parts-Manual/PD18S/PD18S-5_diagram.jpg
http://imerrow.com/nebula/inventory/pdurl_large/PD18S-6_diagram.jpg|FOUND|STORAGE/merrow-Parts-Manual/PD18S/PD18S-6_diagram.jpg
http://imerrow.com/nebula/inventory/pdurl_large/PD18S-7_diagram.jpg|FOUND|STORAGE/merrow-Parts-Manual/PD18S/PD18S-7_diagram.jpg
http://imerrow.com/nebula/inventory/pdurl_large/PD1R_diagram.jpg|FOUND|STORAGE/merrow-Parts-Manual/Pdr/PD1R_diagram.jpg
http://imerrow.com/nebula/inventory/pdurl_large/pd22fj_01.gif|FOUND|STORAGE/merrow-Parts-Manual/PD22FJ/images/pd22fj_01.gif
http://imerrow.com/nebula/inventory/pdurl_large/pd22fj_02.gif|FOUND|STORAGE/merrow-Parts-Manual/PD22FJ/images/pd22fj_02.gif
http://imerrow.com/nebula/inventory/pdurl_large/pd22fj_03.gif|FOUND|STORAGE/merrow-Parts-Manual/PD22FJ/images/pd22fj_03.gif
http://imerrow.com/nebula/inventory/pdurl_large/pd22fj_04.gif|FOUND|STORAGE/merrow-Parts-Manual/PD22FJ/images/pd22fj_04.gif
http://imerrow.com/nebula/inventory/pdurl_large/pd22fj_05.gif|FOUND|STORAGE/merrow-Parts-Manual/PD22FJ/images/pd22fj_05.gif
http://imerrow.com/nebula/inventory/pdurl_large/pd22fj_06.gif|FOUND|STORAGE/merrow-Parts-Manual/PD22FJ/images/pd22fj_06.gif
http://imerrow.com/nebula/inventory/pdurl_large/pd22fj_08.gif|FOUND|STORAGE/merrow-Parts-Manual/PD22FJ/images/pd22fj_08.gif
http://imerrow.com/nebula/inventory/pdurl_large/pd22fj_09.gif|FOUND|STORAGE/merrow-Parts-Manual/PD22FJ/images/pd22fj_09.gif
http://imerrow.com/nebula/inventory/pdurl_large/PD2R_diagram.jpg|FOUND|STORAGE/merrow-Parts-Manual/Pdr/PD2R_diagram.jpg
http://imerrow.com/nebula/inventory/pdurl_large/pd3dw7-01.gif|FOUND|STORAGE/merrow-Parts-Manual/PD3DW7/images/pd3dw7-01.gif
http://imerrow.com/nebula/inventory/pdurl_large/pd3dw7-02.gif|FOUND|STORAGE/merrow-Parts-Manual/PD3DW7/images/pd3dw7-02.gif
http://imerrow.com/nebula/inventory/pdurl_large/pd3dw7-03.gif|FOUND|STORAGE/merrow-Parts-Manual/PD3DW7/images/pd3dw7-03.gif
http://imerrow.com/nebula/inventory/pdurl_large/pd3dw7-04.gif|FOUND|STORAGE/merrow-Parts-Manual/PD3DW7/images/pd3dw7-04.gif
http://imerrow.com/nebula/inventory/pdurl_large/pd3dw7-05.gif|FOUND|STORAGE/merrow-Parts-Manual/PD3DW7/images/pd3dw7-05.gif
http://imerrow.com/nebula/inventory/pdurl_large/pd3dw7-06.gif|FOUND|STORAGE/merrow-Parts-Manual/PD3DW7/images/pd3dw7-06.gif
http://imerrow.com/nebula/inventory/pdurl_large/pd3dw7-07.gif|FOUND|STORAGE/merrow-Parts-Manual/PD3DW7/images/pd3dw7-07.gif
http://imerrow.com/nebula/inventory/pdurl_large/pd3dw7-08.gif|FOUND|STORAGE/merrow-Parts-Manual/PD3DW7/images/pd3dw7-08.gif
http://imerrow.com/nebula/inventory/pdurl_large/pd3dw7-09.gif|FOUND|STORAGE/merrow-Parts-Manual/PD3DW7/images/pd3dw7-09.gif
http://imerrow.com/nebula/inventory/pdurl_large/pd3dw7-10.gif|FOUND|STORAGE/merrow-Parts-Manual/PD3DW7/images/pd3dw7-10.gif
http://imerrow.com/nebula/inventory/pdurl_large/pd3dw7-11.gif|FOUND|STORAGE/merrow-Parts-Manual/PD3DW7/images/pd3dw7-11.gif
http://imerrow.com/nebula/inventory/pdurl_large/pd3dw7-12_bottom.gif|FOUND|STORAGE/merrow-Parts-Manual/PD3DW7/images/pd3dw7-12_bottom.gif
http://imerrow.com/nebula/inventory/pdurl_large/pd3dw7-12_top.gif|FOUND|STORAGE/merrow-Parts-Manual/PD3DW7/images/pd3dw7-12_top.gif
http://imerrow.com/nebula/inventory/pdurl_large/pd3q3-01.gif|FOUND|STORAGE/merrow-Parts-Manual/PD3Q3/images/pd3q3-01.gif
http://imerrow.com/nebula/inventory/pdurl_large/pd3q3-02.gif|FOUND|STORAGE/merrow-Parts-Manual/PD3Q3/images/pd3q3-02.gif
http://imerrow.com/nebula/inventory/pdurl_large/pd3q3-03.gif|FOUND|STORAGE/merrow-Parts-Manual/PD3Q3/images/pd3q3-03.gif
http://imerrow.com/nebula/inventory/pdurl_large/pd3q3-04.gif|FOUND|STORAGE/merrow-Parts-Manual/PD3Q3/images/pd3q3-04.gif
http://imerrow.com/nebula/inventory/pdurl_large/pd3q3-05.gif|FOUND|STORAGE/merrow-Parts-Manual/PD3Q3/images/pd3q3-05.gif
http://imerrow.com/nebula/inventory/pdurl_large/pd3q3-06.gif|FOUND|STORAGE/merrow-Parts-Manual/PD3Q3/images/pd3q3-06.gif
http://imerrow.com/nebula/inventory/pdurl_large/pd3q3-07.gif|FOUND|STORAGE/merrow-Parts-Manual/PD3Q3/images/pd3q3-07.gif
http://imerrow.com/nebula/inventory/pdurl_large/pd3q3-08.gif|FOUND|STORAGE/merrow-Parts-Manual/PD3Q3/images/pd3q3-08.gif
http://imerrow.com/nebula/inventory/pdurl_large/pd3q3-09.gif|FOUND|STORAGE/merrow-Parts-Manual/PD3Q3/images/pd3q3-09.gif
http://imerrow.com/nebula/inventory/pdurl_large/pd3q3-10.gif|FOUND|STORAGE/merrow-Parts-Manual/PD3Q3/images/pd3q3-10.gif
http://imerrow.com/nebula/inventory/pdurl_large/pd3q3-11.gif|FOUND|STORAGE/merrow-Parts-Manual/PD3Q3/images/pd3q3-11.gif
http://imerrow.com/nebula/inventory/pdurl_large/pd3q3-12_bottom.gif|FOUND|STORAGE/merrow-Parts-Manual/PD3Q3/images/pd3q3-12_bottom.gif
http://imerrow.com/nebula/inventory/pdurl_large/pd3q3-12_top.gif|FOUND|STORAGE/merrow-Parts-Manual/PD3Q3/images/pd3q3-12_top.gif
http://imerrow.com/nebula/inventory/pdurl_large/PD3R_diagram.jpg|FOUND|STORAGE/merrow-Parts-Manual/Pdr/PD3R_diagram.jpg
http://imerrow.com/nebula/inventory/pdurl_large/PD4R_diagram.jpg|FOUND|STORAGE/merrow-Parts-Manual/Pdr/PD4R_diagram.jpg
http://imerrow.com/nebula/inventory/pdurl_large/PD5R_diagram.jpg|FOUND|STORAGE/merrow-Parts-Manual/Pdr/PD5R_diagram.jpg
http://imerrow.com/nebula/inventory/pdurl_large/PD6R_diagram.jpg|FOUND|STORAGE/merrow-Parts-Manual/Pdr/PD6R_diagram.jpg
http://imerrow.com/nebula/inventory/pdurl_large/PD72-1_diagram.jpg|FOUND|STORAGE/merrow-Parts-Manual/Pd72/PD72-1_diagram.jpg
http://imerrow.com/nebula/inventory/pdurl_large/PD72-10_diagram.jpg|FOUND|STORAGE/merrow-Parts-Manual/Pd72/PD72-10_diagram.jpg
http://imerrow.com/nebula/inventory/pdurl_large/PD72-11_diagram.jpg|FOUND|STORAGE/merrow-Parts-Manual/Pd72/PD72-11_diagram.jpg
http://imerrow.com/nebula/inventory/pdurl_large/PD72-12_diagram.jpg|FOUND|STORAGE/merrow-Parts-Manual/Pd72/PD72-12_diagram.jpg
http://imerrow.com/nebula/inventory/pdurl_large/PD72-2_diagram.jpg|FOUND|STORAGE/merrow-Parts-Manual/Pd72/PD72-2_diagram.jpg
http://imerrow.com/nebula/inventory/pdurl_large/PD72-3_diagram.jpg|FOUND|STORAGE/merrow-Parts-Manual/Pd72/PD72-3_diagram.jpg
http://imerrow.com/nebula/inventory/pdurl_large/PD72-4_diagram.jpg|FOUND|STORAGE/merrow-Parts-Manual/Pd72/PD72-4_diagram.jpg
http://imerrow.com/nebula/inventory/pdurl_large/PD72-5_diagram.jpg|FOUND|STORAGE/merrow-Parts-Manual/Pd72/PD72-5_diagram.jpg
http://imerrow.com/nebula/inventory/pdurl_large/PD72-6_diagram.jpg|FOUND|STORAGE/merrow-Parts-Manual/Pd72/PD72-6_diagram.jpg
http://imerrow.com/nebula/inventory/pdurl_large/PD72-7_diagram.jpg|FOUND|STORAGE/merrow-Parts-Manual/Pd72/PD72-7_diagram.jpg
http://imerrow.com/nebula/inventory/pdurl_large/PD72-8_diagram.jpg|FOUND|STORAGE/merrow-Parts-Manual/Pd72/PD72-8_diagram.jpg
http://imerrow.com/nebula/inventory/pdurl_large/PD72-9_diagram.jpg|FOUND|STORAGE/merrow-Parts-Manual/Pd72/PD72-9_diagram.jpg
http://imerrow.com/nebula/inventory/pdurl_large/PD7D2-10_diagram.jpg|FOUND|STORAGE/merrow-Parts-Manual/PD7D2/PD7D2-10_diagram.jpg
http://imerrow.com/nebula/inventory/pdurl_large/PD7D2-11_diagram.jpg|FOUND|STORAGE/merrow-Parts-Manual/PD7D2/PD7D2-11_diagram.jpg
http://imerrow.com/nebula/inventory/pdurl_large/PD7D2-12_diagram.jpg|FOUND|STORAGE/merrow-Parts-Manual/PD7D2/PD7D2-12_diagram.jpg
http://imerrow.com/nebula/inventory/pdurl_large/PD7D2-1diagram.jpg|FOUND|STORAGE/merrow-Parts-Manual/PD7D2/PD7D2-1diagram.jpg
http://imerrow.com/nebula/inventory/pdurl_large/PD7D2-2_diagram.jpg|FOUND|STORAGE/merrow-Parts-Manual/PD7D2/PD7D2-2_diagram.jpg
http://imerrow.com/nebula/inventory/pdurl_large/PD7D2-3_diagram.jpg|FOUND|STORAGE/merrow-Parts-Manual/PD7D2/PD7D2-3_diagram.jpg
http://imerrow.com/nebula/inventory/pdurl_large/PD7D2-4_diagram.jpg|FOUND|STORAGE/merrow-Parts-Manual/PD7D2/PD7D2-4_diagram.jpg
http://imerrow.com/nebula/inventory/pdurl_large/PD7D2-5_diagram.jpg|FOUND|STORAGE/merrow-Parts-Manual/PD7D2/PD7D2-5_diagram.jpg
http://imerrow.com/nebula/inventory/pdurl_large/PD7D2-6_diagram.jpg|FOUND|STORAGE/merrow-Parts-Manual/PD7D2/PD7D2-6_diagram.jpg
http://imerrow.com/nebula/inventory/pdurl_large/PD7D2-7_diagram.jpg|FOUND|STORAGE/merrow-Parts-Manual/PD7D2/PD7D2-7_diagram.jpg
http://imerrow.com/nebula/inventory/pdurl_large/PD7D2-8_diagram.jpg|FOUND|STORAGE/merrow-Parts-Manual/PD7D2/PD7D2-8_diagram.jpg
http://imerrow.com/nebula/inventory/pdurl_large/PD7D2-9_diagram.jpg|FOUND|STORAGE/merrow-Parts-Manual/PD7D2/PD7D2-9_diagram.jpg
http://imerrow.com/nebula/inventory/pdurl_large/PD7D7-1_diagram.jpg|FOUND|STORAGE/merrow-Parts-Manual/PD7D7/PD7D7-1_diagram.jpg
http://imerrow.com/nebula/inventory/pdurl_large/PD7D7-10_diagram.jpg|FOUND|STORAGE/merrow-Parts-Manual/PD7D7/PD7D7-10_diagram.jpg
http://imerrow.com/nebula/inventory/pdurl_large/PD7D7-11_diagram.jpg|FOUND|STORAGE/merrow-Parts-Manual/PD7D7/PD7D7-11_diagram.jpg
http://imerrow.com/nebula/inventory/pdurl_large/PD7D7-12_diagram.jpg|FOUND|STORAGE/merrow-Parts-Manual/PD7D7/PD7D7-12_diagram.jpg
http://imerrow.com/nebula/inventory/pdurl_large/PD7D7-2_diagram.jpg|FOUND|STORAGE/merrow-Parts-Manual/PD7D7/PD7D7-2_diagram.jpg
http://imerrow.com/nebula/inventory/pdurl_large/PD7D7-3_diagram.jpg|FOUND|STORAGE/merrow-Parts-Manual/PD7D7/PD7D7-3_diagram.jpg
http://imerrow.com/nebula/inventory/pdurl_large/PD7D7-4_diagram.jpg|FOUND|STORAGE/merrow-Parts-Manual/PD7D7/PD7D7-4_diagram.jpg
http://imerrow.com/nebula/inventory/pdurl_large/PD7D7-5_diagram.jpg|FOUND|STORAGE/merrow-Parts-Manual/PD7D7/PD7D7-5_diagram.jpg
http://imerrow.com/nebula/inventory/pdurl_large/PD7D7-6_diagram.jpg|FOUND|STORAGE/merrow-Parts-Manual/PD7D7/PD7D7-6_diagram.jpg
http://imerrow.com/nebula/inventory/pdurl_large/PD7D7-7_diagram.jpg|FOUND|STORAGE/merrow-Parts-Manual/PD7D7/PD7D7-7_diagram.jpg
http://imerrow.com/nebula/inventory/pdurl_large/PD7D7-8_diagram.jpg|FOUND|STORAGE/merrow-Parts-Manual/PD7D7/PD7D7-8_diagram.jpg
http://imerrow.com/nebula/inventory/pdurl_large/PD7D7-9_diagram.jpg|FOUND|STORAGE/merrow-Parts-Manual/PD7D7/PD7D7-9_diagram.jpg
http://imerrow.com/nebula/inventory/pdurl_large/PD7R_diagram.jpg|FOUND|STORAGE/merrow-Parts-Manual/Pdr/PD7R_diagram.jpg
http://imerrow.com/nebula/inventory/pdurl_large/PD8R_diagram.jpg|FOUND|STORAGE/merrow-Parts-Manual/Pdr/PD8R_diagram.jpg
http://imerrow.com/nebula/inventory/pdurl_large/PD9R_diagram.jpg|FOUND|STORAGE/merrow-Parts-Manual/Pdr/PD9R_diagram.jpg
http://imerrow.com/nebula/inventory/pdurl_large/PDM2-1_diagram.jpg|FOUND|STORAGE/merrow-Parts-Manual/Pdm-2/PDM2-1_diagram.jpg
http://imerrow.com/nebula/inventory/pdurl_large/PDM2-10_diagram.jpg|FOUND|STORAGE/merrow-Parts-Manual/Pdm-2/PDM2-10_diagram.jpg
http://imerrow.com/nebula/inventory/pdurl_large/PDM2-11_diagram.jpg|FOUND|STORAGE/merrow-Parts-Manual/Pdm-2/PDM2-11_diagram.jpg
http://imerrow.com/nebula/inventory/pdurl_large/PDM2-12_diagram.jpg|FOUND|STORAGE/merrow-Parts-Manual/Pdm-2/PDM2-12_diagram.jpg
http://imerrow.com/nebula/inventory/pdurl_large/PDM2-2_diagram.jpg|FOUND|STORAGE/merrow-Parts-Manual/Pdm-2/PDM2-2_diagram.jpg
http://imerrow.com/nebula/inventory/pdurl_large/PDM2-3_diagram.jpg|FOUND|STORAGE/merrow-Parts-Manual/Pdm-2/PDM2-3_diagram.jpg
http://imerrow.com/nebula/inventory/pdurl_large/PDM2-4_diagram.jpg|FOUND|STORAGE/merrow-Parts-Manual/Pdm-2/PDM2-4_diagram.jpg
http://imerrow.com/nebula/inventory/pdurl_large/PDM2-5_diagram.jpg|FOUND|STORAGE/merrow-Parts-Manual/Pdm-2/PDM2-5_diagram.jpg
http://imerrow.com/nebula/inventory/pdurl_large/PDM2-6_diagram.jpg|FOUND|STORAGE/merrow-Parts-Manual/Pdm-2/PDM2-6_diagram.jpg
http://imerrow.com/nebula/inventory/pdurl_large/PDM2-7_diagram.jpg|FOUND|STORAGE/merrow-Parts-Manual/Pdm-2/PDM2-7_diagram.jpg
http://imerrow.com/nebula/inventory/pdurl_large/PDM2-8_diagram.jpg|FOUND|STORAGE/merrow-Parts-Manual/Pdm-2/PDM2-8_diagram.jpg
http://imerrow.com/nebula/inventory/pdurl_large/PDM2-9_diagram.jpg|FOUND|STORAGE/merrow-Parts-Manual/Pdm-2/PDM2-9_diagram.jpg
http://imerrow.com/nebula/inventory/pdurl_large/pdm27g_02.gif|FOUND|STORAGE/merrow-Parts-Manual/PDM27G/images/pdm27g_02.gif
http://imerrow.com/nebula/inventory/pdurl_large/pdm27g_03.gif|FOUND|STORAGE/merrow-Parts-Manual/PDM27G/images/pdm27g_03.gif
http://imerrow.com/nebula/inventory/pdurl_large/pdm27g_04.gif|FOUND|STORAGE/merrow-Parts-Manual/PDM27G/images/pdm27g_04.gif
http://imerrow.com/nebula/inventory/pdurl_large/pdm27g_05.gif|FOUND|STORAGE/merrow-Parts-Manual/PDM27G/images/pdm27g_05.gif
http://imerrow.com/nebula/inventory/pdurl_large/pdm27g_06.gif|FOUND|STORAGE/merrow-Parts-Manual/PDM27G/images/pdm27g_06.gif
http://imerrow.com/nebula/inventory/pdurl_large/pdm27g_07.gif|FOUND|STORAGE/merrow-Parts-Manual/PDM27G/images/pdm27g_07.gif
http://imerrow.com/nebula/inventory/pdurl_large/pdm27g_08.gif|FOUND|STORAGE/merrow-Parts-Manual/PDM27G/images/pdm27g_08.gif
http://imerrow.com/nebula/inventory/pdurl_large/pdm27g_09.gif|FOUND|STORAGE/merrow-Parts-Manual/PDM27G/images/pdm27g_09.gif
http://imerrow.com/nebula/inventory/pdurl_large/pdm27g_10.gif|FOUND|STORAGE/merrow-Parts-Manual/PDM27G/images/pdm27g_10.gif
http://imerrow.com/nebula/inventory/pdurl_large/pdm27g_12_left.gif|FOUND|STORAGE/merrow-Parts-Manual/PDM27G/images/pdm27g_12_left.gif
http://imerrow.com/nebula/inventory/pdurl_large/pdm27g_12_right.gif|FOUND|STORAGE/merrow-Parts-Manual/PDM27G/images/pdm27g_12_right.gif
http://imerrow.com/nebula/inventory/pdurl_large/PDMD1_diagram.jpg|FOUND|STORAGE/merrow-Parts-Manual/PDMD/PDMD1_diagram.jpg
http://imerrow.com/nebula/inventory/pdurl_large/PDMD10_diagram.jpg|FOUND|STORAGE/merrow-Parts-Manual/PDMD/PDMD10_diagram.jpg
http://imerrow.com/nebula/inventory/pdurl_large/PDMD11_diagram.jpg|FOUND|STORAGE/merrow-Parts-Manual/PDMD/PDMD11_diagram.jpg
http://imerrow.com/nebula/inventory/pdurl_large/PDMD12_diagram.jpg|FOUND|STORAGE/merrow-Parts-Manual/PDMD/PDMD12_diagram.jpg
http://imerrow.com/nebula/inventory/pdurl_large/PDMD2_diagram.jpg|FOUND|STORAGE/merrow-Parts-Manual/PDMD/PDMD2_diagram.jpg
http://imerrow.com/nebula/inventory/pdurl_large/PDMD2-1_diagram.jpg|FOUND|STORAGE/merrow-Parts-Manual/PDMD2/PDMD2-1_diagram.jpg
http://imerrow.com/nebula/inventory/pdurl_large/PDMD2-10_diagram.jpg|FOUND|STORAGE/merrow-Parts-Manual/PDMD2/PDMD2-10_diagram.jpg
http://imerrow.com/nebula/inventory/pdurl_large/PDMD2-11_diagram.jpg|FOUND|STORAGE/merrow-Parts-Manual/PDMD2/PDMD2-11_diagram.jpg
http://imerrow.com/nebula/inventory/pdurl_large/PDMD2-12_diagram.jpg|FOUND|STORAGE/merrow-Parts-Manual/PDMD2/PDMD2-12_diagram.jpg
http://imerrow.com/nebula/inventory/pdurl_large/PDMD2-2_diagram.jpg|FOUND|STORAGE/merrow-Parts-Manual/PDMD2/PDMD2-2_diagram.jpg
http://imerrow.com/nebula/inventory/pdurl_large/PDMD2-3_diagram.jpg|FOUND|STORAGE/merrow-Parts-Manual/PDMD2/PDMD2-3_diagram.jpg
http://imerrow.com/nebula/inventory/pdurl_large/PDMD2-4_diagram.jpg|FOUND|STORAGE/merrow-Parts-Manual/PDMD2/PDMD2-4_diagram.jpg
http://imerrow.com/nebula/inventory/pdurl_large/PDMD2-5_diagram.jpg|FOUND|STORAGE/merrow-Parts-Manual/PDMD2/PDMD2-5_diagram.jpg
http://imerrow.com/nebula/inventory/pdurl_large/PDMD2-6_diagram.jpg|FOUND|STORAGE/merrow-Parts-Manual/PDMD2/PDMD2-6_diagram.jpg
http://imerrow.com/nebula/inventory/pdurl_large/PDMD2-7.jpg|FOUND|STORAGE/merrow-Parts-Manual/PDMD2/PDMD2-7.jpg
http://imerrow.com/nebula/inventory/pdurl_large/PDMD2-8_diagram.jpg|FOUND|STORAGE/merrow-Parts-Manual/PDMD2/PDMD2-8_diagram.jpg
http://imerrow.com/nebula/inventory/pdurl_large/PDMD2-9_diagram.jpg|FOUND|STORAGE/merrow-Parts-Manual/PDMD2/PDMD2-9_diagram.jpg
http://imerrow.com/nebula/inventory/pdurl_large/PDMD3_diagram.jpg|FOUND|STORAGE/merrow-Parts-Manual/PDMD/PDMD3_diagram.jpg
http://imerrow.com/nebula/inventory/pdurl_large/PDMD4_diagram.jpg|FOUND|STORAGE/merrow-Parts-Manual/PDMD/PDMD4_diagram.jpg
http://imerrow.com/nebula/inventory/pdurl_large/PDMD5_diagram.jpg|FOUND|STORAGE/merrow-Parts-Manual/PDMD/PDMD5_diagram.jpg
http://imerrow.com/nebula/inventory/pdurl_large/PDMD6_diagram.jpg|FOUND|STORAGE/merrow-Parts-Manual/PDMD/PDMD6_diagram.jpg
http://imerrow.com/nebula/inventory/pdurl_large/PDMD7_diagram.jpg|FOUND|STORAGE/merrow-Parts-Manual/PDMD/PDMD7_diagram.jpg
http://imerrow.com/nebula/inventory/pdurl_large/PDMD7-1_diagram.jpg|FOUND|STORAGE/merrow-Parts-Manual/PDMD7/PDMD7-1_diagram.jpg
http://imerrow.com/nebula/inventory/pdurl_large/PDMD7-10_diagram.jpg|FOUND|STORAGE/merrow-Parts-Manual/PDMD7/PDMD7-10_diagram.jpg
http://imerrow.com/nebula/inventory/pdurl_large/PDMD7-11_diagram.jpg|FOUND|STORAGE/merrow-Parts-Manual/PDMD7/PDMD7-11_diagram.jpg
http://imerrow.com/nebula/inventory/pdurl_large/PDMD7-12_diagram.jpg|FOUND|STORAGE/merrow-Parts-Manual/PDMD7/PDMD7-12_diagram.jpg
http://imerrow.com/nebula/inventory/pdurl_large/PDMD7-2_diagram.jpg|FOUND|STORAGE/merrow-Parts-Manual/PDMD7/PDMD7-2_diagram.jpg
http://imerrow.com/nebula/inventory/pdurl_large/PDMD7-3_diagram.jpg|FOUND|STORAGE/merrow-Parts-Manual/PDMD7/PDMD7-3_diagram.jpg
http://imerrow.com/nebula/inventory/pdurl_large/PDMD7-4.jpg|FOUND|STORAGE/merrow-Parts-Manual/PDMD7/PDMD7-4.jpg
http://imerrow.com/nebula/inventory/pdurl_large/PDMD7-5_diagram.jpg|FOUND|STORAGE/merrow-Parts-Manual/PDMD7/PDMD7-5_diagram.jpg
http://imerrow.com/nebula/inventory/pdurl_large/PDMD7-6_diagram.jpg|FOUND|STORAGE/merrow-Parts-Manual/PDMD7/PDMD7-6_diagram.jpg
http://imerrow.com/nebula/inventory/pdurl_large/PDMD7-7_diagram.jpg|FOUND|STORAGE/merrow-Parts-Manual/PDMD7/PDMD7-7_diagram.jpg
http://imerrow.com/nebula/inventory/pdurl_large/PDMD7-8_diagram.jpg|FOUND|STORAGE/merrow-Parts-Manual/PDMD7/PDMD7-8_diagram.jpg
http://imerrow.com/nebula/inventory/pdurl_large/PDMD7-9_diagram.jpg|FOUND|STORAGE/merrow-Parts-Manual/PDMD7/PDMD7-9_diagram.jpg
http://imerrow.com/nebula/inventory/pdurl_large/PDMD8_diagram.jpg|FOUND|STORAGE/merrow-Parts-Manual/PDMD/PDMD8_diagram.jpg
http://imerrow.com/nebula/inventory/pdurl_large/PDMD9_diagram.jpg|FOUND|STORAGE/merrow-Parts-Manual/PDMD/PDMD9_diagram.jpg
http://imerrow.com/nebula/inventory/pdurl_large/pdmg3u-07.gif|FOUND|STORAGE/merrow-Parts-Manual/PDMG3U/images/pdmg3u-07.gif
http://imerrow.com/nebula/inventory/pdurl_large/pdmgnr_01.gif|FOUND|STORAGE/merrow-Parts-Manual/PDMGNR/images/pdmgnr_01.gif
http://imerrow.com/nebula/inventory/pdurl_large/pdmgnr_02.gif|FOUND|STORAGE/merrow-Parts-Manual/PDMGNR/images/pdmgnr_02.gif
http://imerrow.com/nebula/inventory/pdurl_large/pdmgnr_03.gif|FOUND|STORAGE/merrow-Parts-Manual/PDMGNR/images/pdmgnr_03.gif
http://imerrow.com/nebula/inventory/pdurl_large/pdmgnr_04.gif|FOUND|STORAGE/merrow-Parts-Manual/PDMGNR/images/pdmgnr_04.gif
http://imerrow.com/nebula/inventory/pdurl_large/pdmgnr_05.gif|FOUND|STORAGE/merrow-Parts-Manual/PDMGNR/images/pdmgnr_05.gif
http://imerrow.com/nebula/inventory/pdurl_large/pdmgnr_06.gif|FOUND|STORAGE/merrow-Parts-Manual/PDMGNR/images/pdmgnr_06.gif
http://imerrow.com/nebula/inventory/pdurl_large/pdmgnr_07.gif|FOUND|STORAGE/merrow-Parts-Manual/PDMGNR/images/pdmgnr_07.gif
http://imerrow.com/nebula/inventory/pdurl_large/pdmgnr_08.gif|FOUND|STORAGE/merrow-Parts-Manual/PDMGNR/images/pdmgnr_08.gif
http://imerrow.com/nebula/inventory/pdurl_large/pdmgnr_09.gif|FOUND|STORAGE/merrow-Parts-Manual/PDMGNR/images/pdmgnr_09.gif
http://imerrow.com/nebula/inventory/pdurl_large/pdmgnr_10.gif|FOUND|STORAGE/merrow-Parts-Manual/PDMGNR/images/pdmgnr_10.gif
http://imerrow.com/nebula/inventory/pdurl_large/pdmgnr_11.gif|FOUND|STORAGE/merrow-Parts-Manual/PDMGNR/images/pdmgnr_11.gif
http://imerrow.com/nebula/inventory/pdurl_large/PDMR1-diagram.jpg|FOUND|STORAGE/merrow-Parts-Manual/Pdmr/PDMR1-diagram.jpg
http://imerrow.com/nebula/inventory/pdurl_large/PDMR10-diagram.jpg|FOUND|STORAGE/merrow-Parts-Manual/Pdmr/PDMR10-diagram.jpg
http://imerrow.com/nebula/inventory/pdurl_large/PDMR11-diagram.jpg|FOUND|STORAGE/merrow-Parts-Manual/Pdmr/PDMR11-diagram.jpg
http://imerrow.com/nebula/inventory/pdurl_large/PDMR12-diagram.jpg|FOUND|STORAGE/merrow-Parts-Manual/Pdmr/PDMR12-diagram.jpg
http://imerrow.com/nebula/inventory/pdurl_large/PDMR2-diagram.jpg|FOUND|STORAGE/merrow-Parts-Manual/Pdmr/PDMR2-diagram.jpg
http://imerrow.com/nebula/inventory/pdurl_large/PDMR3-diagram.jpg|FOUND|STORAGE/merrow-Parts-Manual/Pdmr/PDMR3-diagram.jpg
http://imerrow.com/nebula/inventory/pdurl_large/PDMR4-diagram.jpg|FOUND|STORAGE/merrow-Parts-Manual/Pdmr/PDMR4-diagram.jpg
http://imerrow.com/nebula/inventory/pdurl_large/PDMR5-diagram.jpg|FOUND|STORAGE/merrow-Parts-Manual/Pdmr/PDMR5-diagram.jpg
http://imerrow.com/nebula/inventory/pdurl_large/PDMR6-diagram.jpg|FOUND|STORAGE/merrow-Parts-Manual/Pdmr/PDMR6-diagram.jpg
http://imerrow.com/nebula/inventory/pdurl_large/PDMR7-diagram.jpg|FOUND|STORAGE/merrow-Parts-Manual/Pdmr/PDMR7-diagram.jpg
http://imerrow.com/nebula/inventory/pdurl_large/PDMR8-diagram.jpg|FOUND|STORAGE/merrow-Parts-Manual/Pdmr/PDMR8-diagram.jpg
http://imerrow.com/nebula/inventory/pdurl_large/PDMR9-diagram.jpg|FOUND|STORAGE/merrow-Parts-Manual/Pdmr/PDMR9-diagram.jpg
http://imerrow.com/nebula/inventory/pdurl_large/Pdy1_diagram.jpg|FOUND|STORAGE/merrow-Parts-Manual/PDY/Pdy1_diagram.jpg
http://imerrow.com/nebula/inventory/pdurl_large/Pdy10_diagram.jpg|FOUND|STORAGE/merrow-Parts-Manual/PDY/Pdy10_diagram.jpg
http://imerrow.com/nebula/inventory/pdurl_large/Pdy11_diagram.jpg|FOUND|STORAGE/merrow-Parts-Manual/PDY/Pdy11_diagram.jpg
http://imerrow.com/nebula/inventory/pdurl_large/Pdy12_diagram.jpg|FOUND|STORAGE/merrow-Parts-Manual/PDY/Pdy12_diagram.jpg
http://imerrow.com/nebula/inventory/pdurl_large/Pdy2_diagram.jpg|FOUND|STORAGE/merrow-Parts-Manual/PDY/Pdy2_diagram.jpg
http://imerrow.com/nebula/inventory/pdurl_large/Pdy3_diagram.jpg|FOUND|STORAGE/merrow-Parts-Manual/PDY/Pdy3_diagram.jpg
http://imerrow.com/nebula/inventory/pdurl_large/Pdy4_diagram.jpg|FOUND|STORAGE/merrow-Parts-Manual/PDY/Pdy4_diagram.jpg
http://imerrow.com/nebula/inventory/pdurl_large/Pdy5_diagram.jpg|FOUND|STORAGE/merrow-Parts-Manual/PDY/Pdy5_diagram.jpg
http://imerrow.com/nebula/inventory/pdurl_large/Pdy6_diagram.jpg|FOUND|STORAGE/merrow-Parts-Manual/PDY/Pdy6_diagram.jpg
http://imerrow.com/nebula/inventory/pdurl_large/Pdy7_diagram.jpg|FOUND|STORAGE/merrow-Parts-Manual/PDY/Pdy7_diagram.jpg
http://imerrow.com/nebula/inventory/pdurl_large/Pdy8_diagram.jpg|FOUND|STORAGE/merrow-Parts-Manual/PDY/Pdy8_diagram.jpg
http://imerrow.com/nebula/inventory/pdurl_large/Pdy9_diagram.jpg|FOUND|STORAGE/merrow-Parts-Manual/PDY/Pdy9_diagram.jpg
http://imerrow.com/nebula/inventory/pdurl_medium/PD10R_diagram.jpg|FOUND|STORAGE/merrow-Parts-Manual/Pdr/PD10R_diagram.jpg
http://imerrow.com/nebula/inventory/pdurl_medium/PD11R_diagram.jpg|FOUND|STORAGE/merrow-Parts-Manual/Pdr/PD11R_diagram.jpg
http://imerrow.com/nebula/inventory/pdurl_medium/PD12R_diagram.jpg|FOUND|STORAGE/merrow-Parts-Manual/Pdr/PD12R_diagram.jpg
http://imerrow.com/nebula/inventory/pdurl_medium/PD18A-1-diagram.jpg|FOUND|STORAGE/merrow-Parts-Manual/PD18A/PD18A-1-diagram.jpg
http://imerrow.com/nebula/inventory/pdurl_medium/PD18A-2-diagram.jpg|FOUND|STORAGE/merrow-Parts-Manual/PD18A/PD18A-2-diagram.jpg
http://imerrow.com/nebula/inventory/pdurl_medium/PD18A-3-diagram.jpg|FOUND|STORAGE/merrow-Parts-Manual/PD18A/PD18A-3-diagram.jpg
http://imerrow.com/nebula/inventory/pdurl_medium/PD18A-4-diagram.jpg|FOUND|STORAGE/merrow-Parts-Manual/PD18A/PD18A-4-diagram.jpg
http://imerrow.com/nebula/inventory/pdurl_medium/PD18A-5-diagram.jpg|FOUND|STORAGE/merrow-Parts-Manual/PD18A/PD18A-5-diagram.jpg
http://imerrow.com/nebula/inventory/pdurl_medium/PD18A-6-diagram.jpg|FOUND|STORAGE/merrow-Parts-Manual/PD18A/PD18A-6-diagram.jpg
http://imerrow.com/nebula/inventory/pdurl_medium/PD18A-7-diagram.jpg|FOUND|STORAGE/merrow-Parts-Manual/PD18A/PD18A-7-diagram.jpg
http://imerrow.com/nebula/inventory/pdurl_medium/PD18E-1_diagram.jpg|FOUND|STORAGE/merrow-Parts-Manual/PD18E/PD18E-1_diagram.jpg
http://imerrow.com/nebula/inventory/pdurl_medium/PD18E-2_diagram.jpg|FOUND|STORAGE/merrow-Parts-Manual/PD18E/PD18E-2_diagram.jpg
http://imerrow.com/nebula/inventory/pdurl_medium/PD18E-3_diagram.jpg|FOUND|STORAGE/merrow-Parts-Manual/PD18E/PD18E-3_diagram.jpg
http://imerrow.com/nebula/inventory/pdurl_medium/PD18E-4_diagram.jpg|FOUND|STORAGE/merrow-Parts-Manual/PD18E/PD18E-4_diagram.jpg
http://imerrow.com/nebula/inventory/pdurl_medium/PD18E-5_diagram.jpg|FOUND|STORAGE/merrow-Parts-Manual/PD18E/PD18E-5_diagram.jpg
http://imerrow.com/nebula/inventory/pdurl_medium/PD18E-6_diagram.jpg|FOUND|STORAGE/merrow-Parts-Manual/PD18E/PD18E-6_diagram.jpg
http://imerrow.com/nebula/inventory/pdurl_medium/PD18E-7_diagram.jpg|FOUND|STORAGE/merrow-Parts-Manual/PD18E/PD18E-7_diagram.jpg
http://imerrow.com/nebula/inventory/pdurl_medium/PD18G-1_diagram.jpg|FOUND|STORAGE/merrow-Parts-Manual/PD18G/PD18G-1_diagram.jpg
http://imerrow.com/nebula/inventory/pdurl_medium/PD18G-2_diagram.jpg|FOUND|STORAGE/merrow-Parts-Manual/PD18G/PD18G-2_diagram.jpg
http://imerrow.com/nebula/inventory/pdurl_medium/PD18G-3_diagram.jpg|FOUND|STORAGE/merrow-Parts-Manual/PD18G/PD18G-3_diagram.jpg
http://imerrow.com/nebula/inventory/pdurl_medium/PD18G-4_diagram.jpg|FOUND|STORAGE/merrow-Parts-Manual/PD18G/PD18G-4_diagram.jpg
http://imerrow.com/nebula/inventory/pdurl_medium/PD18G-5_diagram.jpg|FOUND|STORAGE/merrow-Parts-Manual/PD18G/PD18G-5_diagram.jpg
http://imerrow.com/nebula/inventory/pdurl_medium/PD18G-6_diagram.jpg|FOUND|STORAGE/merrow-Parts-Manual/PD18G/PD18G-6_diagram.jpg
http://imerrow.com/nebula/inventory/pdurl_medium/PD18G-7_diagram.jpg|FOUND|STORAGE/merrow-Parts-Manual/PD18G/PD18G-7_diagram.jpg
http://imerrow.com/nebula/inventory/pdurl_medium/PD18S-1_diagram.jpg|FOUND|STORAGE/merrow-Parts-Manual/PD18S/PD18S-1_diagram.jpg
http://imerrow.com/nebula/inventory/pdurl_medium/PD18S-2_diagram.jpg|FOUND|STORAGE/merrow-Parts-Manual/PD18S/PD18S-2_diagram.jpg
http://imerrow.com/nebula/inventory/pdurl_medium/PD18S-3_diagram.jpg|FOUND|STORAGE/merrow-Parts-Manual/PD18S/PD18S-3_diagram.jpg
http://imerrow.com/nebula/inventory/pdurl_medium/PD18S-4_diagram.jpg|FOUND|STORAGE/merrow-Parts-Manual/PD18S/PD18S-4_diagram.jpg
http://imerrow.com/nebula/inventory/pdurl_medium/PD18S-5_diagram.jpg|FOUND|STORAGE/merrow-Parts-Manual/PD18S/PD18S-5_diagram.jpg
http://imerrow.com/nebula/inventory/pdurl_medium/PD18S-6_diagram.jpg|FOUND|STORAGE/merrow-Parts-Manual/PD18S/PD18S-6_diagram.jpg
http://imerrow.com/nebula/inventory/pdurl_medium/PD18S-7_diagram.jpg|FOUND|STORAGE/merrow-Parts-Manual/PD18S/PD18S-7_diagram.jpg
http://imerrow.com/nebula/inventory/pdurl_medium/PD1R_diagram.jpg|FOUND|STORAGE/merrow-Parts-Manual/Pdr/PD1R_diagram.jpg
http://imerrow.com/nebula/inventory/pdurl_medium/PD2R_diagram.jpg|FOUND|STORAGE/merrow-Parts-Manual/Pdr/PD2R_diagram.jpg
http://imerrow.com/nebula/inventory/pdurl_medium/pd3q3-03.jpg|FOUND|STORAGE/merrow-Parts-Manual/PD3Q3/images/pd3q3-03.jpg
http://imerrow.com/nebula/inventory/pdurl_medium/pd3q3-05.jpg|FOUND|STORAGE/merrow-Parts-Manual/PD3Q3/images/pd3q3-05.jpg
http://imerrow.com/nebula/inventory/pdurl_medium/pd3q3-09.jpg|FOUND|STORAGE/merrow-Parts-Manual/PD3Q3/images/pd3q3-09.jpg
http://imerrow.com/nebula/inventory/pdurl_medium/pd3q3-10.jpg|FOUND|STORAGE/merrow-Parts-Manual/PD3Q3/images/pd3q3-10.jpg
http://imerrow.com/nebula/inventory/pdurl_medium/pd3q3-11.jpg|FOUND|STORAGE/merrow-Parts-Manual/PD3Q3/images/pd3q3-11.jpg
http://imerrow.com/nebula/inventory/pdurl_medium/PD3R_diagram.jpg|FOUND|STORAGE/merrow-Parts-Manual/Pdr/PD3R_diagram.jpg
http://imerrow.com/nebula/inventory/pdurl_medium/PD4R_diagram.jpg|FOUND|STORAGE/merrow-Parts-Manual/Pdr/PD4R_diagram.jpg
http://imerrow.com/nebula/inventory/pdurl_medium/PD5R_diagram.jpg|FOUND|STORAGE/merrow-Parts-Manual/Pdr/PD5R_diagram.jpg
http://imerrow.com/nebula/inventory/pdurl_medium/PD6R_diagram.jpg|FOUND|STORAGE/merrow-Parts-Manual/Pdr/PD6R_diagram.jpg
http://imerrow.com/nebula/inventory/pdurl_medium/PD72-1_diagram.jpg|FOUND|STORAGE/merrow-Parts-Manual/Pd72/PD72-1_diagram.jpg
http://imerrow.com/nebula/inventory/pdurl_medium/PD72-10_diagram.jpg|FOUND|STORAGE/merrow-Parts-Manual/Pd72/PD72-10_diagram.jpg
http://imerrow.com/nebula/inventory/pdurl_medium/PD72-11_diagram.jpg|FOUND|STORAGE/merrow-Parts-Manual/Pd72/PD72-11_diagram.jpg
http://imerrow.com/nebula/inventory/pdurl_medium/PD72-12_diagram.jpg|FOUND|STORAGE/merrow-Parts-Manual/Pd72/PD72-12_diagram.jpg
http://imerrow.com/nebula/inventory/pdurl_medium/PD72-2_diagram.jpg|FOUND|STORAGE/merrow-Parts-Manual/Pd72/PD72-2_diagram.jpg
http://imerrow.com/nebula/inventory/pdurl_medium/PD72-3_diagram.jpg|FOUND|STORAGE/merrow-Parts-Manual/Pd72/PD72-3_diagram.jpg
http://imerrow.com/nebula/inventory/pdurl_medium/PD72-4_diagram.jpg|FOUND|STORAGE/merrow-Parts-Manual/Pd72/PD72-4_diagram.jpg
http://imerrow.com/nebula/inventory/pdurl_medium/PD72-5_diagram.jpg|FOUND|STORAGE/merrow-Parts-Manual/Pd72/PD72-5_diagram.jpg
http://imerrow.com/nebula/inventory/pdurl_medium/PD72-6_diagram.jpg|FOUND|STORAGE/merrow-Parts-Manual/Pd72/PD72-6_diagram.jpg
http://imerrow.com/nebula/inventory/pdurl_medium/PD72-7_diagram.jpg|FOUND|STORAGE/merrow-Parts-Manual/Pd72/PD72-7_diagram.jpg
http://imerrow.com/nebula/inventory/pdurl_medium/PD72-8_diagram.jpg|FOUND|STORAGE/merrow-Parts-Manual/Pd72/PD72-8_diagram.jpg
http://imerrow.com/nebula/inventory/pdurl_medium/PD72-9_diagram.jpg|FOUND|STORAGE/merrow-Parts-Manual/Pd72/PD72-9_diagram.jpg
http://imerrow.com/nebula/inventory/pdurl_medium/PD7D2-10_diagram.jpg|FOUND|STORAGE/merrow-Parts-Manual/PD7D2/PD7D2-10_diagram.jpg
http://imerrow.com/nebula/inventory/pdurl_medium/PD7D2-11_diagram.jpg|FOUND|STORAGE/merrow-Parts-Manual/PD7D2/PD7D2-11_diagram.jpg
http://imerrow.com/nebula/inventory/pdurl_medium/PD7D2-12_diagram.jpg|FOUND|STORAGE/merrow-Parts-Manual/PD7D2/PD7D2-12_diagram.jpg
http://imerrow.com/nebula/inventory/pdurl_medium/PD7D2-1diagram.jpg|FOUND|STORAGE/merrow-Parts-Manual/PD7D2/PD7D2-1diagram.jpg
http://imerrow.com/nebula/inventory/pdurl_medium/PD7D2-2_diagram.jpg|FOUND|STORAGE/merrow-Parts-Manual/PD7D2/PD7D2-2_diagram.jpg
http://imerrow.com/nebula/inventory/pdurl_medium/PD7D2-3_diagram.jpg|FOUND|STORAGE/merrow-Parts-Manual/PD7D2/PD7D2-3_diagram.jpg
http://imerrow.com/nebula/inventory/pdurl_medium/PD7D2-4_diagram.jpg|FOUND|STORAGE/merrow-Parts-Manual/PD7D2/PD7D2-4_diagram.jpg
http://imerrow.com/nebula/inventory/pdurl_medium/PD7D2-5_diagram.jpg|FOUND|STORAGE/merrow-Parts-Manual/PD7D2/PD7D2-5_diagram.jpg
http://imerrow.com/nebula/inventory/pdurl_medium/PD7D2-6_diagram.jpg|FOUND|STORAGE/merrow-Parts-Manual/PD7D2/PD7D2-6_diagram.jpg
http://imerrow.com/nebula/inventory/pdurl_medium/PD7D2-7_diagram.jpg|FOUND|STORAGE/merrow-Parts-Manual/PD7D2/PD7D2-7_diagram.jpg
http://imerrow.com/nebula/inventory/pdurl_medium/PD7D2-8_diagram.jpg|FOUND|STORAGE/merrow-Parts-Manual/PD7D2/PD7D2-8_diagram.jpg
http://imerrow.com/nebula/inventory/pdurl_medium/PD7D2-9_diagram.jpg|FOUND|STORAGE/merrow-Parts-Manual/PD7D2/PD7D2-9_diagram.jpg
http://imerrow.com/nebula/inventory/pdurl_medium/PD7D7-1_diagram.jpg|FOUND|STORAGE/merrow-Parts-Manual/PD7D7/PD7D7-1_diagram.jpg
http://imerrow.com/nebula/inventory/pdurl_medium/PD7D7-10_diagram.jpg|FOUND|STORAGE/merrow-Parts-Manual/PD7D7/PD7D7-10_diagram.jpg
http://imerrow.com/nebula/inventory/pdurl_medium/PD7D7-11_diagram.jpg|FOUND|STORAGE/merrow-Parts-Manual/PD7D7/PD7D7-11_diagram.jpg
http://imerrow.com/nebula/inventory/pdurl_medium/PD7D7-12_diagram.jpg|FOUND|STORAGE/merrow-Parts-Manual/PD7D7/PD7D7-12_diagram.jpg
http://imerrow.com/nebula/inventory/pdurl_medium/PD7D7-2_diagram.jpg|FOUND|STORAGE/merrow-Parts-Manual/PD7D7/PD7D7-2_diagram.jpg
http://imerrow.com/nebula/inventory/pdurl_medium/PD7D7-3_diagram.jpg|FOUND|STORAGE/merrow-Parts-Manual/PD7D7/PD7D7-3_diagram.jpg
http://imerrow.com/nebula/inventory/pdurl_medium/PD7D7-4_diagram.jpg|FOUND|STORAGE/merrow-Parts-Manual/PD7D7/PD7D7-4_diagram.jpg
http://imerrow.com/nebula/inventory/pdurl_medium/PD7D7-5_diagram.jpg|FOUND|STORAGE/merrow-Parts-Manual/PD7D7/PD7D7-5_diagram.jpg
http://imerrow.com/nebula/inventory/pdurl_medium/PD7D7-6_diagram.jpg|FOUND|STORAGE/merrow-Parts-Manual/PD7D7/PD7D7-6_diagram.jpg
http://imerrow.com/nebula/inventory/pdurl_medium/PD7D7-7_diagram.jpg|FOUND|STORAGE/merrow-Parts-Manual/PD7D7/PD7D7-7_diagram.jpg
http://imerrow.com/nebula/inventory/pdurl_medium/PD7D7-8_diagram.jpg|FOUND|STORAGE/merrow-Parts-Manual/PD7D7/PD7D7-8_diagram.jpg
http://imerrow.com/nebula/inventory/pdurl_medium/PD7D7-9_diagram.jpg|FOUND|STORAGE/merrow-Parts-Manual/PD7D7/PD7D7-9_diagram.jpg
http://imerrow.com/nebula/inventory/pdurl_medium/PD7R_diagram.jpg|FOUND|STORAGE/merrow-Parts-Manual/Pdr/PD7R_diagram.jpg
http://imerrow.com/nebula/inventory/pdurl_medium/PD8R_diagram.jpg|FOUND|STORAGE/merrow-Parts-Manual/Pdr/PD8R_diagram.jpg
http://imerrow.com/nebula/inventory/pdurl_medium/PD9R_diagram.jpg|FOUND|STORAGE/merrow-Parts-Manual/Pdr/PD9R_diagram.jpg
http://imerrow.com/nebula/inventory/pdurl_medium/PDM2-1_diagram.jpg|FOUND|STORAGE/merrow-Parts-Manual/Pdm-2/PDM2-1_diagram.jpg
http://imerrow.com/nebula/inventory/pdurl_medium/PDM2-10_diagram.jpg|FOUND|STORAGE/merrow-Parts-Manual/Pdm-2/PDM2-10_diagram.jpg
http://imerrow.com/nebula/inventory/pdurl_medium/PDM2-11_diagram.jpg|FOUND|STORAGE/merrow-Parts-Manual/Pdm-2/PDM2-11_diagram.jpg
http://imerrow.com/nebula/inventory/pdurl_medium/PDM2-12_diagram.jpg|FOUND|STORAGE/merrow-Parts-Manual/Pdm-2/PDM2-12_diagram.jpg
http://imerrow.com/nebula/inventory/pdurl_medium/PDM2-2_diagram.jpg|FOUND|STORAGE/merrow-Parts-Manual/Pdm-2/PDM2-2_diagram.jpg
http://imerrow.com/nebula/inventory/pdurl_medium/PDM2-3_diagram.jpg|FOUND|STORAGE/merrow-Parts-Manual/Pdm-2/PDM2-3_diagram.jpg
http://imerrow.com/nebula/inventory/pdurl_medium/PDM2-4_diagram.jpg|FOUND|STORAGE/merrow-Parts-Manual/Pdm-2/PDM2-4_diagram.jpg
http://imerrow.com/nebula/inventory/pdurl_medium/PDM2-5_diagram.jpg|FOUND|STORAGE/merrow-Parts-Manual/Pdm-2/PDM2-5_diagram.jpg
http://imerrow.com/nebula/inventory/pdurl_medium/PDM2-6_diagram.jpg|FOUND|STORAGE/merrow-Parts-Manual/Pdm-2/PDM2-6_diagram.jpg
http://imerrow.com/nebula/inventory/pdurl_medium/PDM2-7_diagram.jpg|FOUND|STORAGE/merrow-Parts-Manual/Pdm-2/PDM2-7_diagram.jpg
http://imerrow.com/nebula/inventory/pdurl_medium/PDM2-8_diagram.jpg|FOUND|STORAGE/merrow-Parts-Manual/Pdm-2/PDM2-8_diagram.jpg
http://imerrow.com/nebula/inventory/pdurl_medium/PDM2-9_diagram.jpg|FOUND|STORAGE/merrow-Parts-Manual/Pdm-2/PDM2-9_diagram.jpg
http://imerrow.com/nebula/inventory/pdurl_medium/PDMD1_diagram.jpg|FOUND|STORAGE/merrow-Parts-Manual/PDMD/PDMD1_diagram.jpg
http://imerrow.com/nebula/inventory/pdurl_medium/PDMD10_diagram.jpg|FOUND|STORAGE/merrow-Parts-Manual/PDMD/PDMD10_diagram.jpg
http://imerrow.com/nebula/inventory/pdurl_medium/PDMD11_diagram.jpg|FOUND|STORAGE/merrow-Parts-Manual/PDMD/PDMD11_diagram.jpg
http://imerrow.com/nebula/inventory/pdurl_medium/PDMD12_diagram.jpg|FOUND|STORAGE/merrow-Parts-Manual/PDMD/PDMD12_diagram.jpg
http://imerrow.com/nebula/inventory/pdurl_medium/PDMD2_diagram.jpg|FOUND|STORAGE/merrow-Parts-Manual/PDMD/PDMD2_diagram.jpg
http://imerrow.com/nebula/inventory/pdurl_medium/PDMD2-1_diagram.jpg|FOUND|STORAGE/merrow-Parts-Manual/PDMD2/PDMD2-1_diagram.jpg
http://imerrow.com/nebula/inventory/pdurl_medium/PDMD2-10_diagram.jpg|FOUND|STORAGE/merrow-Parts-Manual/PDMD2/PDMD2-10_diagram.jpg
http://imerrow.com/nebula/inventory/pdurl_medium/PDMD2-11_diagram.jpg|FOUND|STORAGE/merrow-Parts-Manual/PDMD2/PDMD2-11_diagram.jpg
http://imerrow.com/nebula/inventory/pdurl_medium/PDMD2-12_diagram.jpg|FOUND|STORAGE/merrow-Parts-Manual/PDMD2/PDMD2-12_diagram.jpg
http://imerrow.com/nebula/inventory/pdurl_medium/PDMD2-2_diagram.jpg|FOUND|STORAGE/merrow-Parts-Manual/PDMD2/PDMD2-2_diagram.jpg
http://imerrow.com/nebula/inventory/pdurl_medium/PDMD2-3_diagram.jpg|FOUND|STORAGE/merrow-Parts-Manual/PDMD2/PDMD2-3_diagram.jpg
http://imerrow.com/nebula/inventory/pdurl_medium/PDMD2-4_diagram.jpg|FOUND|STORAGE/merrow-Parts-Manual/PDMD2/PDMD2-4_diagram.jpg
http://imerrow.com/nebula/inventory/pdurl_medium/PDMD2-5_diagram.jpg|FOUND|STORAGE/merrow-Parts-Manual/PDMD2/PDMD2-5_diagram.jpg
http://imerrow.com/nebula/inventory/pdurl_medium/PDMD2-6_diagram.jpg|FOUND|STORAGE/merrow-Parts-Manual/PDMD2/PDMD2-6_diagram.jpg
http://imerrow.com/nebula/inventory/pdurl_medium/PDMD2-7.jpg|FOUND|STORAGE/merrow-Parts-Manual/PDMD2/PDMD2-7.jpg
http://imerrow.com/nebula/inventory/pdurl_medium/PDMD2-8_diagram.jpg|FOUND|STORAGE/merrow-Parts-Manual/PDMD2/PDMD2-8_diagram.jpg
http://imerrow.com/nebula/inventory/pdurl_medium/PDMD2-9_diagram.jpg|FOUND|STORAGE/merrow-Parts-Manual/PDMD2/PDMD2-9_diagram.jpg
http://imerrow.com/nebula/inventory/pdurl_medium/PDMD3_diagram.jpg|FOUND|STORAGE/merrow-Parts-Manual/PDMD/PDMD3_diagram.jpg
http://imerrow.com/nebula/inventory/pdurl_medium/PDMD4_diagram.jpg|FOUND|STORAGE/merrow-Parts-Manual/PDMD/PDMD4_diagram.jpg
http://imerrow.com/nebula/inventory/pdurl_medium/PDMD5_diagram.jpg|FOUND|STORAGE/merrow-Parts-Manual/PDMD/PDMD5_diagram.jpg
http://imerrow.com/nebula/inventory/pdurl_medium/PDMD6_diagram.jpg|FOUND|STORAGE/merrow-Parts-Manual/PDMD/PDMD6_diagram.jpg
http://imerrow.com/nebula/inventory/pdurl_medium/PDMD7_diagram.jpg|FOUND|STORAGE/merrow-Parts-Manual/PDMD/PDMD7_diagram.jpg
http://imerrow.com/nebula/inventory/pdurl_medium/PDMD7-1_diagram.jpg|FOUND|STORAGE/merrow-Parts-Manual/PDMD7/PDMD7-1_diagram.jpg
http://imerrow.com/nebula/inventory/pdurl_medium/PDMD7-10_diagram.jpg|FOUND|STORAGE/merrow-Parts-Manual/PDMD7/PDMD7-10_diagram.jpg
http://imerrow.com/nebula/inventory/pdurl_medium/PDMD7-11_diagram.jpg|FOUND|STORAGE/merrow-Parts-Manual/PDMD7/PDMD7-11_diagram.jpg
http://imerrow.com/nebula/inventory/pdurl_medium/PDMD7-12_diagram.jpg|FOUND|STORAGE/merrow-Parts-Manual/PDMD7/PDMD7-12_diagram.jpg
http://imerrow.com/nebula/inventory/pdurl_medium/PDMD7-2_diagram.jpg|FOUND|STORAGE/merrow-Parts-Manual/PDMD7/PDMD7-2_diagram.jpg
http://imerrow.com/nebula/inventory/pdurl_medium/PDMD7-3_diagram.jpg|FOUND|STORAGE/merrow-Parts-Manual/PDMD7/PDMD7-3_diagram.jpg
http://imerrow.com/nebula/inventory/pdurl_medium/PDMD7-4.jpg|FOUND|STORAGE/merrow-Parts-Manual/PDMD7/PDMD7-4.jpg
http://imerrow.com/nebula/inventory/pdurl_medium/PDMD7-5_diagram.jpg|FOUND|STORAGE/merrow-Parts-Manual/PDMD7/PDMD7-5_diagram.jpg
http://imerrow.com/nebula/inventory/pdurl_medium/PDMD7-6_diagram.jpg|FOUND|STORAGE/merrow-Parts-Manual/PDMD7/PDMD7-6_diagram.jpg
http://imerrow.com/nebula/inventory/pdurl_medium/PDMD7-7_diagram.jpg|FOUND|STORAGE/merrow-Parts-Manual/PDMD7/PDMD7-7_diagram.jpg
http://imerrow.com/nebula/inventory/pdurl_medium/PDMD7-8_diagram.jpg|FOUND|STORAGE/merrow-Parts-Manual/PDMD7/PDMD7-8_diagram.jpg
http://imerrow.com/nebula/inventory/pdurl_medium/PDMD7-9_diagram.jpg|FOUND|STORAGE/merrow-Parts-Manual/PDMD7/PDMD7-9_diagram.jpg
http://imerrow.com/nebula/inventory/pdurl_medium/PDMD8_diagram.jpg|FOUND|STORAGE/merrow-Parts-Manual/PDMD/PDMD8_diagram.jpg
http://imerrow.com/nebula/inventory/pdurl_medium/PDMD9_diagram.jpg|FOUND|STORAGE/merrow-Parts-Manual/PDMD/PDMD9_diagram.jpg
http://imerrow.com/nebula/inventory/pdurl_medium/PDMR1-diagram.jpg|FOUND|STORAGE/merrow-Parts-Manual/Pdmr/PDMR1-diagram.jpg
http://imerrow.com/nebula/inventory/pdurl_medium/PDMR10-diagram.jpg|FOUND|STORAGE/merrow-Parts-Manual/Pdmr/PDMR10-diagram.jpg
http://imerrow.com/nebula/inventory/pdurl_medium/PDMR11-diagram.jpg|FOUND|STORAGE/merrow-Parts-Manual/Pdmr/PDMR11-diagram.jpg
http://imerrow.com/nebula/inventory/pdurl_medium/PDMR12-diagram.jpg|FOUND|STORAGE/merrow-Parts-Manual/Pdmr/PDMR12-diagram.jpg
http://imerrow.com/nebula/inventory/pdurl_medium/PDMR2-diagram.jpg|FOUND|STORAGE/merrow-Parts-Manual/Pdmr/PDMR2-diagram.jpg
http://imerrow.com/nebula/inventory/pdurl_medium/PDMR3-diagram.jpg|FOUND|STORAGE/merrow-Parts-Manual/Pdmr/PDMR3-diagram.jpg
http://imerrow.com/nebula/inventory/pdurl_medium/PDMR4-diagram.jpg|FOUND|STORAGE/merrow-Parts-Manual/Pdmr/PDMR4-diagram.jpg
http://imerrow.com/nebula/inventory/pdurl_medium/PDMR5-diagram.jpg|FOUND|STORAGE/merrow-Parts-Manual/Pdmr/PDMR5-diagram.jpg
http://imerrow.com/nebula/inventory/pdurl_medium/PDMR6-diagram.jpg|FOUND|STORAGE/merrow-Parts-Manual/Pdmr/PDMR6-diagram.jpg
http://imerrow.com/nebula/inventory/pdurl_medium/PDMR7-diagram.jpg|FOUND|STORAGE/merrow-Parts-Manual/Pdmr/PDMR7-diagram.jpg
http://imerrow.com/nebula/inventory/pdurl_medium/PDMR8-diagram.jpg|FOUND|STORAGE/merrow-Parts-Manual/Pdmr/PDMR8-diagram.jpg
http://imerrow.com/nebula/inventory/pdurl_medium/PDMR9-diagram.jpg|FOUND|STORAGE/merrow-Parts-Manual/Pdmr/PDMR9-diagram.jpg
http://imerrow.com/nebula/inventory/pdurl_medium/Pdy1_diagram.jpg|FOUND|STORAGE/merrow-Parts-Manual/PDY/Pdy1_diagram.jpg
http://imerrow.com/nebula/inventory/pdurl_medium/Pdy10_diagram.jpg|FOUND|STORAGE/merrow-Parts-Manual/PDY/Pdy10_diagram.jpg
http://imerrow.com/nebula/inventory/pdurl_medium/Pdy11_diagram.jpg|FOUND|STORAGE/merrow-Parts-Manual/PDY/Pdy11_diagram.jpg
http://imerrow.com/nebula/inventory/pdurl_medium/Pdy12_diagram.jpg|FOUND|STORAGE/merrow-Parts-Manual/PDY/Pdy12_diagram.jpg
http://imerrow.com/nebula/inventory/pdurl_medium/Pdy2_diagram.jpg|FOUND|STORAGE/merrow-Parts-Manual/PDY/Pdy2_diagram.jpg
http://imerrow.com/nebula/inventory/pdurl_medium/Pdy3_diagram.jpg|FOUND|STORAGE/merrow-Parts-Manual/PDY/Pdy3_diagram.jpg
http://imerrow.com/nebula/inventory/pdurl_medium/Pdy4_diagram.jpg|FOUND|STORAGE/merrow-Parts-Manual/PDY/Pdy4_diagram.jpg
http://imerrow.com/nebula/inventory/pdurl_medium/Pdy5_diagram.jpg|FOUND|STORAGE/merrow-Parts-Manual/PDY/Pdy5_diagram.jpg
http://imerrow.com/nebula/inventory/pdurl_medium/Pdy6_diagram.jpg|FOUND|STORAGE/merrow-Parts-Manual/PDY/Pdy6_diagram.jpg
http://imerrow.com/nebula/inventory/pdurl_medium/Pdy7_diagram.jpg|FOUND|STORAGE/merrow-Parts-Manual/PDY/Pdy7_diagram.jpg
http://imerrow.com/nebula/inventory/pdurl_medium/Pdy8_diagram.jpg|FOUND|STORAGE/merrow-Parts-Manual/PDY/Pdy8_diagram.jpg
http://imerrow.com/nebula/inventory/pdurl_medium/Pdy9_diagram.jpg|FOUND|STORAGE/merrow-Parts-Manual/PDY/Pdy9_diagram.jpg
http://imerrow.com/nebula/inventory/pdurl_tiny/PD10R_diagram.jpg|FOUND|STORAGE/merrow-Parts-Manual/Pdr/PD10R_diagram.jpg
http://imerrow.com/nebula/inventory/pdurl_tiny/PD11R_diagram.jpg|FOUND|STORAGE/merrow-Parts-Manual/Pdr/PD11R_diagram.jpg
http://imerrow.com/nebula/inventory/pdurl_tiny/PD12R_diagram.jpg|FOUND|STORAGE/merrow-Parts-Manual/Pdr/PD12R_diagram.jpg
http://imerrow.com/nebula/inventory/pdurl_tiny/PD18A-1-diagram.jpg|FOUND|STORAGE/merrow-Parts-Manual/PD18A/PD18A-1-diagram.jpg
http://imerrow.com/nebula/inventory/pdurl_tiny/PD18A-2-diagram.jpg|FOUND|STORAGE/merrow-Parts-Manual/PD18A/PD18A-2-diagram.jpg
http://imerrow.com/nebula/inventory/pdurl_tiny/PD18A-3-diagram.jpg|FOUND|STORAGE/merrow-Parts-Manual/PD18A/PD18A-3-diagram.jpg
http://imerrow.com/nebula/inventory/pdurl_tiny/PD18A-4-diagram.jpg|FOUND|STORAGE/merrow-Parts-Manual/PD18A/PD18A-4-diagram.jpg
http://imerrow.com/nebula/inventory/pdurl_tiny/PD18A-5-diagram.jpg|FOUND|STORAGE/merrow-Parts-Manual/PD18A/PD18A-5-diagram.jpg
http://imerrow.com/nebula/inventory/pdurl_tiny/PD18A-6-diagram.jpg|FOUND|STORAGE/merrow-Parts-Manual/PD18A/PD18A-6-diagram.jpg
http://imerrow.com/nebula/inventory/pdurl_tiny/PD18A-7-diagram.jpg|FOUND|STORAGE/merrow-Parts-Manual/PD18A/PD18A-7-diagram.jpg
http://imerrow.com/nebula/inventory/pdurl_tiny/PD18E-1_diagram.jpg|FOUND|STORAGE/merrow-Parts-Manual/PD18E/PD18E-1_diagram.jpg
http://imerrow.com/nebula/inventory/pdurl_tiny/PD18E-2_diagram.jpg|FOUND|STORAGE/merrow-Parts-Manual/PD18E/PD18E-2_diagram.jpg
http://imerrow.com/nebula/inventory/pdurl_tiny/PD18E-3_diagram.jpg|FOUND|STORAGE/merrow-Parts-Manual/PD18E/PD18E-3_diagram.jpg
http://imerrow.com/nebula/inventory/pdurl_tiny/PD18E-4_diagram.jpg|FOUND|STORAGE/merrow-Parts-Manual/PD18E/PD18E-4_diagram.jpg
http://imerrow.com/nebula/inventory/pdurl_tiny/PD18E-5_diagram.jpg|FOUND|STORAGE/merrow-Parts-Manual/PD18E/PD18E-5_diagram.jpg
http://imerrow.com/nebula/inventory/pdurl_tiny/PD18E-6_diagram.jpg|FOUND|STORAGE/merrow-Parts-Manual/PD18E/PD18E-6_diagram.jpg
http://imerrow.com/nebula/inventory/pdurl_tiny/PD18E-7_diagram.jpg|FOUND|STORAGE/merrow-Parts-Manual/PD18E/PD18E-7_diagram.jpg
http://imerrow.com/nebula/inventory/pdurl_tiny/PD18G-1_diagram.jpg|FOUND|STORAGE/merrow-Parts-Manual/PD18G/PD18G-1_diagram.jpg
http://imerrow.com/nebula/inventory/pdurl_tiny/PD18G-2_diagram.jpg|FOUND|STORAGE/merrow-Parts-Manual/PD18G/PD18G-2_diagram.jpg
http://imerrow.com/nebula/inventory/pdurl_tiny/PD18G-3_diagram.jpg|FOUND|STORAGE/merrow-Parts-Manual/PD18G/PD18G-3_diagram.jpg
http://imerrow.com/nebula/inventory/pdurl_tiny/PD18G-4_diagram.jpg|FOUND|STORAGE/merrow-Parts-Manual/PD18G/PD18G-4_diagram.jpg
http://imerrow.com/nebula/inventory/pdurl_tiny/PD18G-5_diagram.jpg|FOUND|STORAGE/merrow-Parts-Manual/PD18G/PD18G-5_diagram.jpg
http://imerrow.com/nebula/inventory/pdurl_tiny/PD18G-6_diagram.jpg|FOUND|STORAGE/merrow-Parts-Manual/PD18G/PD18G-6_diagram.jpg
http://imerrow.com/nebula/inventory/pdurl_tiny/PD18G-7_diagram.jpg|FOUND|STORAGE/merrow-Parts-Manual/PD18G/PD18G-7_diagram.jpg
http://imerrow.com/nebula/inventory/pdurl_tiny/PD18S-1_diagram.jpg|FOUND|STORAGE/merrow-Parts-Manual/PD18S/PD18S-1_diagram.jpg
http://imerrow.com/nebula/inventory/pdurl_tiny/PD18S-2_diagram.jpg|FOUND|STORAGE/merrow-Parts-Manual/PD18S/PD18S-2_diagram.jpg
http://imerrow.com/nebula/inventory/pdurl_tiny/PD18S-3_diagram.jpg|FOUND|STORAGE/merrow-Parts-Manual/PD18S/PD18S-3_diagram.jpg
http://imerrow.com/nebula/inventory/pdurl_tiny/PD18S-4_diagram.jpg|FOUND|STORAGE/merrow-Parts-Manual/PD18S/PD18S-4_diagram.jpg
http://imerrow.com/nebula/inventory/pdurl_tiny/PD18S-5_diagram.jpg|FOUND|STORAGE/merrow-Parts-Manual/PD18S/PD18S-5_diagram.jpg
http://imerrow.com/nebula/inventory/pdurl_tiny/PD18S-6_diagram.jpg|FOUND|STORAGE/merrow-Parts-Manual/PD18S/PD18S-6_diagram.jpg
http://imerrow.com/nebula/inventory/pdurl_tiny/PD18S-7_diagram.jpg|FOUND|STORAGE/merrow-Parts-Manual/PD18S/PD18S-7_diagram.jpg
http://imerrow.com/nebula/inventory/pdurl_tiny/PD1R_diagram.jpg|FOUND|STORAGE/merrow-Parts-Manual/Pdr/PD1R_diagram.jpg
http://imerrow.com/nebula/inventory/pdurl_tiny/PD2R_diagram.jpg|FOUND|STORAGE/merrow-Parts-Manual/Pdr/PD2R_diagram.jpg
http://imerrow.com/nebula/inventory/pdurl_tiny/pd3q3-03.jpg|FOUND|STORAGE/merrow-Parts-Manual/PD3Q3/images/pd3q3-03.jpg
http://imerrow.com/nebula/inventory/pdurl_tiny/pd3q3-05.jpg|FOUND|STORAGE/merrow-Parts-Manual/PD3Q3/images/pd3q3-05.jpg
http://imerrow.com/nebula/inventory/pdurl_tiny/pd3q3-09.jpg|FOUND|STORAGE/merrow-Parts-Manual/PD3Q3/images/pd3q3-09.jpg
http://imerrow.com/nebula/inventory/pdurl_tiny/pd3q3-10.jpg|FOUND|STORAGE/merrow-Parts-Manual/PD3Q3/images/pd3q3-10.jpg
http://imerrow.com/nebula/inventory/pdurl_tiny/pd3q3-11.jpg|FOUND|STORAGE/merrow-Parts-Manual/PD3Q3/images/pd3q3-11.jpg
http://imerrow.com/nebula/inventory/pdurl_tiny/PD3R_diagram.jpg|FOUND|STORAGE/merrow-Parts-Manual/Pdr/PD3R_diagram.jpg
http://imerrow.com/nebula/inventory/pdurl_tiny/PD4R_diagram.jpg|FOUND|STORAGE/merrow-Parts-Manual/Pdr/PD4R_diagram.jpg
http://imerrow.com/nebula/inventory/pdurl_tiny/PD5R_diagram.jpg|FOUND|STORAGE/merrow-Parts-Manual/Pdr/PD5R_diagram.jpg
http://imerrow.com/nebula/inventory/pdurl_tiny/PD6R_diagram.jpg|FOUND|STORAGE/merrow-Parts-Manual/Pdr/PD6R_diagram.jpg
http://imerrow.com/nebula/inventory/pdurl_tiny/PD72-1_diagram.jpg|FOUND|STORAGE/merrow-Parts-Manual/Pd72/PD72-1_diagram.jpg
http://imerrow.com/nebula/inventory/pdurl_tiny/PD72-10_diagram.jpg|FOUND|STORAGE/merrow-Parts-Manual/Pd72/PD72-10_diagram.jpg
http://imerrow.com/nebula/inventory/pdurl_tiny/PD72-11_diagram.jpg|FOUND|STORAGE/merrow-Parts-Manual/Pd72/PD72-11_diagram.jpg
http://imerrow.com/nebula/inventory/pdurl_tiny/PD72-12_diagram.jpg|FOUND|STORAGE/merrow-Parts-Manual/Pd72/PD72-12_diagram.jpg
http://imerrow.com/nebula/inventory/pdurl_tiny/PD72-2_diagram.jpg|FOUND|STORAGE/merrow-Parts-Manual/Pd72/PD72-2_diagram.jpg
http://imerrow.com/nebula/inventory/pdurl_tiny/PD72-3_diagram.jpg|FOUND|STORAGE/merrow-Parts-Manual/Pd72/PD72-3_diagram.jpg
http://imerrow.com/nebula/inventory/pdurl_tiny/PD72-4_diagram.jpg|FOUND|STORAGE/merrow-Parts-Manual/Pd72/PD72-4_diagram.jpg
http://imerrow.com/nebula/inventory/pdurl_tiny/PD72-5_diagram.jpg|FOUND|STORAGE/merrow-Parts-Manual/Pd72/PD72-5_diagram.jpg
http://imerrow.com/nebula/inventory/pdurl_tiny/PD72-6_diagram.jpg|FOUND|STORAGE/merrow-Parts-Manual/Pd72/PD72-6_diagram.jpg
http://imerrow.com/nebula/inventory/pdurl_tiny/PD72-7_diagram.jpg|FOUND|STORAGE/merrow-Parts-Manual/Pd72/PD72-7_diagram.jpg
http://imerrow.com/nebula/inventory/pdurl_tiny/PD72-8_diagram.jpg|FOUND|STORAGE/merrow-Parts-Manual/Pd72/PD72-8_diagram.jpg
http://imerrow.com/nebula/inventory/pdurl_tiny/PD72-9_diagram.jpg|FOUND|STORAGE/merrow-Parts-Manual/Pd72/PD72-9_diagram.jpg
http://imerrow.com/nebula/inventory/pdurl_tiny/PD7D2-10_diagram.jpg|FOUND|STORAGE/merrow-Parts-Manual/PD7D2/PD7D2-10_diagram.jpg
http://imerrow.com/nebula/inventory/pdurl_tiny/PD7D2-11_diagram.jpg|FOUND|STORAGE/merrow-Parts-Manual/PD7D2/PD7D2-11_diagram.jpg
http://imerrow.com/nebula/inventory/pdurl_tiny/PD7D2-12_diagram.jpg|FOUND|STORAGE/merrow-Parts-Manual/PD7D2/PD7D2-12_diagram.jpg
http://imerrow.com/nebula/inventory/pdurl_tiny/PD7D2-1diagram.jpg|FOUND|STORAGE/merrow-Parts-Manual/PD7D2/PD7D2-1diagram.jpg
http://imerrow.com/nebula/inventory/pdurl_tiny/PD7D2-2_diagram.jpg|FOUND|STORAGE/merrow-Parts-Manual/PD7D2/PD7D2-2_diagram.jpg
http://imerrow.com/nebula/inventory/pdurl_tiny/PD7D2-3_diagram.jpg|FOUND|STORAGE/merrow-Parts-Manual/PD7D2/PD7D2-3_diagram.jpg
http://imerrow.com/nebula/inventory/pdurl_tiny/PD7D2-4_diagram.jpg|FOUND|STORAGE/merrow-Parts-Manual/PD7D2/PD7D2-4_diagram.jpg
http://imerrow.com/nebula/inventory/pdurl_tiny/PD7D2-5_diagram.jpg|FOUND|STORAGE/merrow-Parts-Manual/PD7D2/PD7D2-5_diagram.jpg
http://imerrow.com/nebula/inventory/pdurl_tiny/PD7D2-6_diagram.jpg|FOUND|STORAGE/merrow-Parts-Manual/PD7D2/PD7D2-6_diagram.jpg
http://imerrow.com/nebula/inventory/pdurl_tiny/PD7D2-7_diagram.jpg|FOUND|STORAGE/merrow-Parts-Manual/PD7D2/PD7D2-7_diagram.jpg
http://imerrow.com/nebula/inventory/pdurl_tiny/PD7D2-8_diagram.jpg|FOUND|STORAGE/merrow-Parts-Manual/PD7D2/PD7D2-8_diagram.jpg
http://imerrow.com/nebula/inventory/pdurl_tiny/PD7D2-9_diagram.jpg|FOUND|STORAGE/merrow-Parts-Manual/PD7D2/PD7D2-9_diagram.jpg
http://imerrow.com/nebula/inventory/pdurl_tiny/PD7D7-1_diagram.jpg|FOUND|STORAGE/merrow-Parts-Manual/PD7D7/PD7D7-1_diagram.jpg
http://imerrow.com/nebula/inventory/pdurl_tiny/PD7D7-10_diagram.jpg|FOUND|STORAGE/merrow-Parts-Manual/PD7D7/PD7D7-10_diagram.jpg
http://imerrow.com/nebula/inventory/pdurl_tiny/PD7D7-11_diagram.jpg|FOUND|STORAGE/merrow-Parts-Manual/PD7D7/PD7D7-11_diagram.jpg
http://imerrow.com/nebula/inventory/pdurl_tiny/PD7D7-12_diagram.jpg|FOUND|STORAGE/merrow-Parts-Manual/PD7D7/PD7D7-12_diagram.jpg
http://imerrow.com/nebula/inventory/pdurl_tiny/PD7D7-2_diagram.jpg|FOUND|STORAGE/merrow-Parts-Manual/PD7D7/PD7D7-2_diagram.jpg
http://imerrow.com/nebula/inventory/pdurl_tiny/PD7D7-3_diagram.jpg|FOUND|STORAGE/merrow-Parts-Manual/PD7D7/PD7D7-3_diagram.jpg
http://imerrow.com/nebula/inventory/pdurl_tiny/PD7D7-4_diagram.jpg|FOUND|STORAGE/merrow-Parts-Manual/PD7D7/PD7D7-4_diagram.jpg
http://imerrow.com/nebula/inventory/pdurl_tiny/PD7D7-5_diagram.jpg|FOUND|STORAGE/merrow-Parts-Manual/PD7D7/PD7D7-5_diagram.jpg
http://imerrow.com/nebula/inventory/pdurl_tiny/PD7D7-6_diagram.jpg|FOUND|STORAGE/merrow-Parts-Manual/PD7D7/PD7D7-6_diagram.jpg
http://imerrow.com/nebula/inventory/pdurl_tiny/PD7D7-7_diagram.jpg|FOUND|STORAGE/merrow-Parts-Manual/PD7D7/PD7D7-7_diagram.jpg
http://imerrow.com/nebula/inventory/pdurl_tiny/PD7D7-8_diagram.jpg|FOUND|STORAGE/merrow-Parts-Manual/PD7D7/PD7D7-8_diagram.jpg
http://imerrow.com/nebula/inventory/pdurl_tiny/PD7D7-9_diagram.jpg|FOUND|STORAGE/merrow-Parts-Manual/PD7D7/PD7D7-9_diagram.jpg
http://imerrow.com/nebula/inventory/pdurl_tiny/PD7R_diagram.jpg|FOUND|STORAGE/merrow-Parts-Manual/Pdr/PD7R_diagram.jpg
http://imerrow.com/nebula/inventory/pdurl_tiny/PD8R_diagram.jpg|FOUND|STORAGE/merrow-Parts-Manual/Pdr/PD8R_diagram.jpg
http://imerrow.com/nebula/inventory/pdurl_tiny/PD9R_diagram.jpg|FOUND|STORAGE/merrow-Parts-Manual/Pdr/PD9R_diagram.jpg
http://imerrow.com/nebula/inventory/pdurl_tiny/PDM2-1_diagram.jpg|FOUND|STORAGE/merrow-Parts-Manual/Pdm-2/PDM2-1_diagram.jpg
http://imerrow.com/nebula/inventory/pdurl_tiny/PDM2-10_diagram.jpg|FOUND|STORAGE/merrow-Parts-Manual/Pdm-2/PDM2-10_diagram.jpg
http://imerrow.com/nebula/inventory/pdurl_tiny/PDM2-11_diagram.jpg|FOUND|STORAGE/merrow-Parts-Manual/Pdm-2/PDM2-11_diagram.jpg
http://imerrow.com/nebula/inventory/pdurl_tiny/PDM2-12_diagram.jpg|FOUND|STORAGE/merrow-Parts-Manual/Pdm-2/PDM2-12_diagram.jpg
http://imerrow.com/nebula/inventory/pdurl_tiny/PDM2-2_diagram.jpg|FOUND|STORAGE/merrow-Parts-Manual/Pdm-2/PDM2-2_diagram.jpg
http://imerrow.com/nebula/inventory/pdurl_tiny/PDM2-3_diagram.jpg|FOUND|STORAGE/merrow-Parts-Manual/Pdm-2/PDM2-3_diagram.jpg
http://imerrow.com/nebula/inventory/pdurl_tiny/PDM2-4_diagram.jpg|FOUND|STORAGE/merrow-Parts-Manual/Pdm-2/PDM2-4_diagram.jpg
http://imerrow.com/nebula/inventory/pdurl_tiny/PDM2-5_diagram.jpg|FOUND|STORAGE/merrow-Parts-Manual/Pdm-2/PDM2-5_diagram.jpg
http://imerrow.com/nebula/inventory/pdurl_tiny/PDM2-6_diagram.jpg|FOUND|STORAGE/merrow-Parts-Manual/Pdm-2/PDM2-6_diagram.jpg
http://imerrow.com/nebula/inventory/pdurl_tiny/PDM2-7_diagram.jpg|FOUND|STORAGE/merrow-Parts-Manual/Pdm-2/PDM2-7_diagram.jpg
http://imerrow.com/nebula/inventory/pdurl_tiny/PDM2-8_diagram.jpg|FOUND|STORAGE/merrow-Parts-Manual/Pdm-2/PDM2-8_diagram.jpg
http://imerrow.com/nebula/inventory/pdurl_tiny/PDM2-9_diagram.jpg|FOUND|STORAGE/merrow-Parts-Manual/Pdm-2/PDM2-9_diagram.jpg
http://imerrow.com/nebula/inventory/pdurl_tiny/PDMD1_diagram.jpg|FOUND|STORAGE/merrow-Parts-Manual/PDMD/PDMD1_diagram.jpg
http://imerrow.com/nebula/inventory/pdurl_tiny/PDMD10_diagram.jpg|FOUND|STORAGE/merrow-Parts-Manual/PDMD/PDMD10_diagram.jpg
http://imerrow.com/nebula/inventory/pdurl_tiny/PDMD11_diagram.jpg|FOUND|STORAGE/merrow-Parts-Manual/PDMD/PDMD11_diagram.jpg
http://imerrow.com/nebula/inventory/pdurl_tiny/PDMD12_diagram.jpg|FOUND|STORAGE/merrow-Parts-Manual/PDMD/PDMD12_diagram.jpg
http://imerrow.com/nebula/inventory/pdurl_tiny/PDMD2_diagram.jpg|FOUND|STORAGE/merrow-Parts-Manual/PDMD/PDMD2_diagram.jpg
http://imerrow.com/nebula/inventory/pdurl_tiny/PDMD2-1_diagram.jpg|FOUND|STORAGE/merrow-Parts-Manual/PDMD2/PDMD2-1_diagram.jpg
http://imerrow.com/nebula/inventory/pdurl_tiny/PDMD2-10_diagram.jpg|FOUND|STORAGE/merrow-Parts-Manual/PDMD2/PDMD2-10_diagram.jpg
http://imerrow.com/nebula/inventory/pdurl_tiny/PDMD2-11_diagram.jpg|FOUND|STORAGE/merrow-Parts-Manual/PDMD2/PDMD2-11_diagram.jpg
http://imerrow.com/nebula/inventory/pdurl_tiny/PDMD2-12_diagram.jpg|FOUND|STORAGE/merrow-Parts-Manual/PDMD2/PDMD2-12_diagram.jpg
http://imerrow.com/nebula/inventory/pdurl_tiny/PDMD2-2_diagram.jpg|FOUND|STORAGE/merrow-Parts-Manual/PDMD2/PDMD2-2_diagram.jpg
http://imerrow.com/nebula/inventory/pdurl_tiny/PDMD2-3_diagram.jpg|FOUND|STORAGE/merrow-Parts-Manual/PDMD2/PDMD2-3_diagram.jpg
http://imerrow.com/nebula/inventory/pdurl_tiny/PDMD2-4_diagram.jpg|FOUND|STORAGE/merrow-Parts-Manual/PDMD2/PDMD2-4_diagram.jpg
http://imerrow.com/nebula/inventory/pdurl_tiny/PDMD2-5_diagram.jpg|FOUND|STORAGE/merrow-Parts-Manual/PDMD2/PDMD2-5_diagram.jpg
http://imerrow.com/nebula/inventory/pdurl_tiny/PDMD2-6_diagram.jpg|FOUND|STORAGE/merrow-Parts-Manual/PDMD2/PDMD2-6_diagram.jpg
http://imerrow.com/nebula/inventory/pdurl_tiny/PDMD2-7.jpg|FOUND|STORAGE/merrow-Parts-Manual/PDMD2/PDMD2-7.jpg
http://imerrow.com/nebula/inventory/pdurl_tiny/PDMD2-8_diagram.jpg|FOUND|STORAGE/merrow-Parts-Manual/PDMD2/PDMD2-8_diagram.jpg
http://imerrow.com/nebula/inventory/pdurl_tiny/PDMD2-9_diagram.jpg|FOUND|STORAGE/merrow-Parts-Manual/PDMD2/PDMD2-9_diagram.jpg
http://imerrow.com/nebula/inventory/pdurl_tiny/PDMD3_diagram.jpg|FOUND|STORAGE/merrow-Parts-Manual/PDMD/PDMD3_diagram.jpg
http://imerrow.com/nebula/inventory/pdurl_tiny/PDMD4_diagram.jpg|FOUND|STORAGE/merrow-Parts-Manual/PDMD/PDMD4_diagram.jpg
http://imerrow.com/nebula/inventory/pdurl_tiny/PDMD5_diagram.jpg|FOUND|STORAGE/merrow-Parts-Manual/PDMD/PDMD5_diagram.jpg
http://imerrow.com/nebula/inventory/pdurl_tiny/PDMD6_diagram.jpg|FOUND|STORAGE/merrow-Parts-Manual/PDMD/PDMD6_diagram.jpg
http://imerrow.com/nebula/inventory/pdurl_tiny/PDMD7_diagram.jpg|FOUND|STORAGE/merrow-Parts-Manual/PDMD/PDMD7_diagram.jpg
http://imerrow.com/nebula/inventory/pdurl_tiny/PDMD7-1_diagram.jpg|FOUND|STORAGE/merrow-Parts-Manual/PDMD7/PDMD7-1_diagram.jpg
http://imerrow.com/nebula/inventory/pdurl_tiny/PDMD7-10_diagram.jpg|FOUND|STORAGE/merrow-Parts-Manual/PDMD7/PDMD7-10_diagram.jpg
http://imerrow.com/nebula/inventory/pdurl_tiny/PDMD7-11_diagram.jpg|FOUND|STORAGE/merrow-Parts-Manual/PDMD7/PDMD7-11_diagram.jpg
http://imerrow.com/nebula/inventory/pdurl_tiny/PDMD7-12_diagram.jpg|FOUND|STORAGE/merrow-Parts-Manual/PDMD7/PDMD7-12_diagram.jpg
http://imerrow.com/nebula/inventory/pdurl_tiny/PDMD7-2_diagram.jpg|FOUND|STORAGE/merrow-Parts-Manual/PDMD7/PDMD7-2_diagram.jpg
http://imerrow.com/nebula/inventory/pdurl_tiny/PDMD7-3_diagram.jpg|FOUND|STORAGE/merrow-Parts-Manual/PDMD7/PDMD7-3_diagram.jpg
http://imerrow.com/nebula/inventory/pdurl_tiny/PDMD7-4.jpg|FOUND|STORAGE/merrow-Parts-Manual/PDMD7/PDMD7-4.jpg
http://imerrow.com/nebula/inventory/pdurl_tiny/PDMD7-5_diagram.jpg|FOUND|STORAGE/merrow-Parts-Manual/PDMD7/PDMD7-5_diagram.jpg
http://imerrow.com/nebula/inventory/pdurl_tiny/PDMD7-6_diagram.jpg|FOUND|STORAGE/merrow-Parts-Manual/PDMD7/PDMD7-6_diagram.jpg
http://imerrow.com/nebula/inventory/pdurl_tiny/PDMD7-7_diagram.jpg|FOUND|STORAGE/merrow-Parts-Manual/PDMD7/PDMD7-7_diagram.jpg
http://imerrow.com/nebula/inventory/pdurl_tiny/PDMD7-8_diagram.jpg|FOUND|STORAGE/merrow-Parts-Manual/PDMD7/PDMD7-8_diagram.jpg
http://imerrow.com/nebula/inventory/pdurl_tiny/PDMD7-9_diagram.jpg|FOUND|STORAGE/merrow-Parts-Manual/PDMD7/PDMD7-9_diagram.jpg
http://imerrow.com/nebula/inventory/pdurl_tiny/PDMD8_diagram.jpg|FOUND|STORAGE/merrow-Parts-Manual/PDMD/PDMD8_diagram.jpg
http://imerrow.com/nebula/inventory/pdurl_tiny/PDMD9_diagram.jpg|FOUND|STORAGE/merrow-Parts-Manual/PDMD/PDMD9_diagram.jpg
http://imerrow.com/nebula/inventory/pdurl_tiny/PDMR1-diagram.jpg|FOUND|STORAGE/merrow-Parts-Manual/Pdmr/PDMR1-diagram.jpg
http://imerrow.com/nebula/inventory/pdurl_tiny/PDMR10-diagram.jpg|FOUND|STORAGE/merrow-Parts-Manual/Pdmr/PDMR10-diagram.jpg
http://imerrow.com/nebula/inventory/pdurl_tiny/PDMR11-diagram.jpg|FOUND|STORAGE/merrow-Parts-Manual/Pdmr/PDMR11-diagram.jpg
http://imerrow.com/nebula/inventory/pdurl_tiny/PDMR12-diagram.jpg|FOUND|STORAGE/merrow-Parts-Manual/Pdmr/PDMR12-diagram.jpg
http://imerrow.com/nebula/inventory/pdurl_tiny/PDMR2-diagram.jpg|FOUND|STORAGE/merrow-Parts-Manual/Pdmr/PDMR2-diagram.jpg
http://imerrow.com/nebula/inventory/pdurl_tiny/PDMR3-diagram.jpg|FOUND|STORAGE/merrow-Parts-Manual/Pdmr/PDMR3-diagram.jpg
http://imerrow.com/nebula/inventory/pdurl_tiny/PDMR4-diagram.jpg|FOUND|STORAGE/merrow-Parts-Manual/Pdmr/PDMR4-diagram.jpg
http://imerrow.com/nebula/inventory/pdurl_tiny/PDMR5-diagram.jpg|FOUND|STORAGE/merrow-Parts-Manual/Pdmr/PDMR5-diagram.jpg
http://imerrow.com/nebula/inventory/pdurl_tiny/PDMR6-diagram.jpg|FOUND|STORAGE/merrow-Parts-Manual/Pdmr/PDMR6-diagram.jpg
http://imerrow.com/nebula/inventory/pdurl_tiny/PDMR7-diagram.jpg|FOUND|STORAGE/merrow-Parts-Manual/Pdmr/PDMR7-diagram.jpg
http://imerrow.com/nebula/inventory/pdurl_tiny/PDMR8-diagram.jpg|FOUND|STORAGE/merrow-Parts-Manual/Pdmr/PDMR8-diagram.jpg
http://imerrow.com/nebula/inventory/pdurl_tiny/PDMR9-diagram.jpg|FOUND|STORAGE/merrow-Parts-Manual/Pdmr/PDMR9-diagram.jpg
http://imerrow.com/nebula/inventory/pdurl_tiny/Pdy1_diagram.jpg|FOUND|STORAGE/merrow-Parts-Manual/PDY/Pdy1_diagram.jpg
http://imerrow.com/nebula/inventory/pdurl_tiny/Pdy10_diagram.jpg|FOUND|STORAGE/merrow-Parts-Manual/PDY/Pdy10_diagram.jpg
http://imerrow.com/nebula/inventory/pdurl_tiny/Pdy11_diagram.jpg|FOUND|STORAGE/merrow-Parts-Manual/PDY/Pdy11_diagram.jpg
http://imerrow.com/nebula/inventory/pdurl_tiny/Pdy12_diagram.jpg|FOUND|STORAGE/merrow-Parts-Manual/PDY/Pdy12_diagram.jpg
http://imerrow.com/nebula/inventory/pdurl_tiny/Pdy2_diagram.jpg|FOUND|STORAGE/merrow-Parts-Manual/PDY/Pdy2_diagram.jpg
http://imerrow.com/nebula/inventory/pdurl_tiny/Pdy3_diagram.jpg|FOUND|STORAGE/merrow-Parts-Manual/PDY/Pdy3_diagram.jpg
http://imerrow.com/nebula/inventory/pdurl_tiny/Pdy4_diagram.jpg|FOUND|STORAGE/merrow-Parts-Manual/PDY/Pdy4_diagram.jpg
http://imerrow.com/nebula/inventory/pdurl_tiny/Pdy5_diagram.jpg|FOUND|STORAGE/merrow-Parts-Manual/PDY/Pdy5_diagram.jpg
http://imerrow.com/nebula/inventory/pdurl_tiny/Pdy6_diagram.jpg|FOUND|STORAGE/merrow-Parts-Manual/PDY/Pdy6_diagram.jpg
http://imerrow.com/nebula/inventory/pdurl_tiny/Pdy7_diagram.jpg|FOUND|STORAGE/merrow-Parts-Manual/PDY/Pdy7_diagram.jpg
http://imerrow.com/nebula/inventory/pdurl_tiny/Pdy8_diagram.jpg|FOUND|STORAGE/merrow-Parts-Manual/PDY/Pdy8_diagram.jpg
http://imerrow.com/nebula/inventory/pdurl_tiny/Pdy9_diagram.jpg|FOUND|STORAGE/merrow-Parts-Manual/PDY/Pdy9_diagram.jpg
